Date,Country,Cumulative number of case(s),Number of deaths,Number recovered
2003/3/17,Germany,1,0,0
2003/3/17,Canada,8,2,0
2003/3/17,Singapore,20,0,0
2003/3/17,Hong Kong,95,1,0
2003/3/17,Switzerland,2,0,0
2003/3/17,Thailand,1,0,0
2003/3/17,Viet Nam,40,1,0
2003/3/18,Germany,2,0,0
2003/3/18,Canada,8,2,0
2003/3/18,China,0,0,0
2003/3/18,Singapore,23,0,0
2003/3/18,Hong Kong,123,1,0
2003/3/18,Taiwan,3,0,0
2003/3/18,Thailand,1,0,0
2003/3/18,Viet Nam,57,1,0
2003/3/18,Slovenia,1,0,0
2003/3/18,The United Kingdom,1,0,0
2003/3/19,Canada,8,2,0
2003/3/19,China,0,0,0
2003/3/19,Germany,1,0,0
2003/3/19,Hong Kong,150,5,0
2003/3/19,Singapore,31,0,0
2003/3/19,Slovenia,1,0,0
2003/3/19,Spain,1,0,0
2003/3/19,Taiwan,3,0,0
2003/3/19,Thailand,1,0,0
2003/3/19,The United Kingdom,1,0,0
2003/3/19,United States,11,0,0
2003/3/19,Viet Nam,56,2,0
2003/3/20,Canada,9,2,0
2003/3/20,China,0,0,0
2003/3/20,Germany,1,0,0
2003/3/20,Hong Kong,173,6,0
2003/3/20,Singapore,34,0,0
2003/3/20,Slovenia,1,0,0
2003/3/20,Spain,1,0,0
2003/3/20,Switzerland,7,0,0
2003/3/20,Taiwan,4,0,0
2003/3/20,Thailand,1,0,0
2003/3/20,The United Kingdom,2,0,0
2003/3/20,United States,11,0,0
2003/3/20,Viet Nam,62,2,0
2003/3/21,Canada,9,2,0
2003/3/21,China,0,0,0
2003/3/21,Germany,1,0,0
2003/3/21,Hong Kong,203,6,0
2003/3/21,Italy,1,0,0
2003/3/21,Ireland,1,0,0
2003/3/21,Singapore,39,0,0
2003/3/21,Slovenia,1,0,0
2003/3/21,Spain,1,0,0
2003/3/21,Switzerland,7,0,0
2003/3/21,Taiwan,6,0,0
2003/3/21,Thailand,4,0,0
2003/3/21,The United Kingdom,2,0,0
2003/3/21,United States,13,0,0
2003/3/21,Viet Nam,62,2,0
2003/3/22,Canada,9,2,0
2003/3/22,China,0,0,0
2003/3/22,Germany,2,0,0
2003/3/22,Hong Kong,222,7,0
2003/3/22,Italy,2,0,0
2003/3/22,Ireland,1,0,0
2003/3/22,Singapore,44,0,0
2003/3/22,Slovenia,1,0,0
2003/3/22,Spain,1,0,0
2003/3/22,Switzerland,7,0,0
2003/3/22,Taiwan,6,0,0
2003/3/22,Thailand,4,0,0
2003/3/22,The United Kingdom,2,0,0
2003/3/22,United States,22,0,0
2003/3/22,Viet Nam,63,2,0
2003/3/24,Canada,11,3,0
2003/3/24,China,0,0,0
2003/3/24,France,1,0,0
2003/3/24,Germany,4,0,0
2003/3/24,Hong Kong,260,10,0
2003/3/24,Italy,2,0,0
2003/3/24,Ireland,1,0,0
2003/3/24,Singapore,65,0,0
2003/3/24,Spain,1,0,0
2003/3/24,Switzerland,2,0,0
2003/3/24,Taiwan,6,0,0
2003/3/24,Thailand,5,0,0
2003/3/24,The United Kingdom,3,0,0
2003/3/24,United States,37,0,0
2003/3/24,Viet Nam,58,4,0
2003/3/25,Canada,11,3,0
2003/3/25,China,0,0,0
2003/3/25,France,1,0,0
2003/3/25,Germany,4,0,0
2003/3/25,Hong Kong,286,10,0
2003/3/25,Italy,2,0,0
2003/3/25,Ireland,1,0,0
2003/3/25,Singapore,69,0,0
2003/3/25,Switzerland,2,0,0
2003/3/25,Taiwan,6,0,0
2003/3/25,Thailand,5,0,0
2003/3/25,The United Kingdom,3,0,0
2003/3/25,United States,39,0,0
2003/3/25,Viet Nam,58,4,0
2003/3/26,Canada,19,3,0
2003/3/26,China,792,31,0
2003/3/26,Hong Kong,316,10,0
2003/3/26,Taiwan,6,0,0
2003/3/26,France,1,0,0
2003/3/26,Germany,4,0,0
2003/3/26,Italy,3,0,0
2003/3/26,Ireland,2,0,0
2003/3/26,Singapore,74,1,0
2003/3/26,Switzerland,2,0,0
2003/3/26,Thailand,3,0,0
2003/3/26,The United Kingdom,3,0,0
2003/3/26,United States,40,0,0
2003/3/26,Viet Nam,58,4,0
2003/3/27,Canada,28,3,0
2003/3/27,China,806,34,0
2003/3/27,Hong Kong,367,10,0
2003/3/27,Taiwan,6,0,0
2003/3/27,France,1,0,0
2003/3/27,Germany,4,0,0
2003/3/27,Italy,2,0,0
2003/3/27,Ireland,2,0,0
2003/3/27,Romania,3,0,0
2003/3/27,Singapore,78,2,0
2003/3/27,Switzerland,2,0,0
2003/3/27,Thailand,3,0,0
2003/3/27,The United Kingdom,3,0,0
2003/3/27,United States,45,0,0
2003/3/27,Viet Nam,58,4,0
2003/3/28,Canada,29,3,0
2003/3/28,China,806,34,0
2003/3/28,Hong Kong,425,10,0
2003/3/28,Taiwan,10,0,0
2003/3/28,France,1,0,0
2003/3/28,Germany,4,0,0
2003/3/28,Italy,2,0,0
2003/3/28,Ireland,2,0,0
2003/3/28,Romania,3,0,0
2003/3/28,Singapore,86,2,0
2003/3/28,Switzerland,2,0,0
2003/3/28,Thailand,3,0,0
2003/3/28,The United Kingdom,3,0,0
2003/3/28,United States,51,0,0
2003/3/28,Viet Nam,58,4,0
2003/3/29,Canada,37,3,0
2003/3/29,China,806,34,0
2003/3/29,Hong Kong,470,10,0
2003/3/29,Taiwan,10,0,0
2003/3/29,France,1,0,0
2003/3/29,Germany,4,0,0
2003/3/29,Italy,2,0,0
2003/3/29,Ireland,2,0,0
2003/3/29,Romania,3,0,0
2003/3/29,Singapore,89,2,0
2003/3/29,Switzerland,3,0,0
2003/3/29,Thailand,3,1,0
2003/3/29,The United Kingdom,3,0,0
2003/3/29,United States,59,0,0
2003/3/29,Viet Nam,58,4,0
2003/3/31,Canada,44,4,0
2003/3/31,China,806,34,0
2003/3/31,Hong Kong,530,13,0
2003/3/31,Taiwan,10,0,0
2003/3/31,France,1,0,0
2003/3/31,Germany,5,0,0
2003/3/31,Italy,2,0,0
2003/3/31,Ireland,2,0,0
2003/3/31,Romania,3,0,0
2003/3/31,Singapore,91,2,0
2003/3/31,Switzerland,3,0,0
2003/3/31,Thailand,5,1,0
2003/3/31,The United Kingdom,3,0,0
2003/3/31,United States,59,0,0
2003/3/31,Viet Nam,58,4,0
2003/4/1,Australia,1,0,0
2003/4/1,Belgium,1,0,0
2003/4/1,Canada,53,4,0
2003/4/1,China,806,34,0
2003/4/1,Hong Kong,685,16,0
2003/4/1,Taiwan,13,0,0
2003/4/1,France,1,0,0
2003/4/1,Germany,5,0,0
2003/4/1,Italy,3,0,0
2003/4/1,Ireland,2,0,0
2003/4/1,Romania,3,0,0
2003/4/1,Singapore,92,3,0
2003/4/1,Switzerland,3,0,0
2003/4/1,Thailand,6,1,0
2003/4/1,The United Kingdom,3,0,0
2003/4/1,United States,69,0,0
2003/4/1,Viet Nam,58,4,0
2003/4/2,Australia,1,0,0
2003/4/2,Belgium,1,0,0
2003/4/2,Canada,58,6,0
2003/4/2,China,1190,46,0
2003/4/2,Hong Kong,708,16,0
2003/4/2,Taiwan,13,0,0
2003/4/2,France,1,0,0
2003/4/2,Germany,5,0,0
2003/4/2,Italy,3,0,0
2003/4/2,Ireland,2,0,0
2003/4/2,Romania,3,0,0
2003/4/2,Singapore,95,4,0
2003/4/2,Spain,1,0,0
2003/4/2,Switzerland,2,0,0
2003/4/2,Thailand,7,2,0
2003/4/2,The United Kingdom,3,0,0
2003/4/2,United States,72,0,0
2003/4/2,Viet Nam,58,4,0
2003/4/3,Australia,1,0,0
2003/4/3,Belgium,1,0,0
2003/4/3,Brazil,1,0,0
2003/4/3,Canada,62,6,0
2003/4/3,China,1190,46,0
2003/4/3,"Hong Kong SAR, China",734,17,0
2003/4/3,"Taiwan, China",14,0,0
2003/4/3,France,3,0,0
2003/4/3,Germany,5,0,0
2003/4/3,Italy,3,0,0
2003/4/3,Republic of Ireland,1,0,0
2003/4/3,Romania,1,0,0
2003/4/3,Singapore,98,4,0
2003/4/3,Switzerland,2,0,0
2003/4/3,Thailand,7,2,0
2003/4/3,United Kingdom,3,0,0
2003/4/3,United States,85,0,0
2003/4/3,Viet Nam,59,4,0
2003/4/4,Australia,1,0,0
2003/4/4,Belgium,1,0,0
2003/4/4,Brazil,1,0,0
2003/4/4,Canada,69,7,0
2003/4/4,China,1220,49,0
2003/4/4,Hong Kong,761,17,0
2003/4/4,Taiwan,15,0,0
2003/4/4,France,3,0,0
2003/4/4,Germany,5,0,0
2003/4/4,Italy,3,0,0
2003/4/4,Ireland,1,0,0
2003/4/4,Romania,1,0,0
2003/4/4,Singapore,100,5,0
2003/4/4,Spain,1,0,0
2003/4/4,Switzerland,2,0,0
2003/4/4,Thailand,7,2,0
2003/4/4,The United Kingdom,3,0,0
2003/4/4,United States,100,0,0
2003/4/4,Viet Nam,59,4,0
2003/4/5,Australia,1,0,0
2003/4/5,Belgium,1,0,0
2003/4/5,Brazil,1,0,0
2003/4/5,Canada,74,7,0
2003/4/5,China,1220,49,0
2003/4/5,Hong Kong,800,20,0
2003/4/5,Taiwan,17,0,0
2003/4/5,France,3,0,0
2003/4/5,Germany,5,0,0
2003/4/5,Italy,3,0,0
2003/4/5,Malaysia,1,1,0
2003/4/5,Ireland,1,0,0
2003/4/5,Romania,1,0,0
2003/4/5,Singapore,101,6,0
2003/4/5,Spain,1,0,0
2003/4/5,Switzerland,1,0,0
2003/4/5,Thailand,7,2,0
2003/4/5,The United Kingdom,4,0,0
2003/4/5,United States,115,0,0
2003/4/5,Viet Nam,59,4,0
2003/4/7,Australia,1,0,0
2003/4/7,Brazil,1,0,0
2003/4/7,Canada,90,9,0
2003/4/7,China,1268,53,0
2003/4/7,Hong Kong,883,23,0
2003/4/7,Taiwan,21,0,0
2003/4/7,France,3,0,0
2003/4/7,Germany,5,0,0
2003/4/7,Italy,3,0,0
2003/4/7,Malaysia,1,1,0
2003/4/7,Ireland,1,0,0
2003/4/7,Romania,1,0,0
2003/4/7,Singapore,106,6,0
2003/4/7,Spain,1,0,0
2003/4/7,Switzerland,1,0,0
2003/4/7,Thailand,7,2,0
2003/4/7,The United Kingdom,5,0,0
2003/4/7,United States,141,0,0
2003/4/7,Viet Nam,62,4,0
2003/4/8,Australia,1,0,0
2003/4/8,Brazil,1,0,0
2003/4/8,Canada,91,10,0
2003/4/8,China,1279,53,0
2003/4/8,Hong Kong,928,25,0
2003/4/8,Taiwan,19,0,0
2003/4/8,France,4,0,0
2003/4/8,Germany,5,0,0
2003/4/8,Italy,3,0,0
2003/4/8,Malaysia,1,1,0
2003/4/8,Ireland,1,0,0
2003/4/8,Romania,1,0,0
2003/4/8,Singapore,113,8,0
2003/4/8,Spain,1,0,0
2003/4/8,Switzerland,1,0,0
2003/4/8,Thailand,7,2,0
2003/4/8,The United Kingdom,5,0,0
2003/4/8,United States,148,0,0
2003/4/8,Viet Nam,62,4,0
2003/4/9,Brazil,1,0,0
2003/4/9,Canada,94,10,0
2003/4/9,China,1280,53,0
2003/4/9,Hong Kong,970,27,0
2003/4/9,Taiwan,19,0,0
2003/4/9,France,4,0,0
2003/4/9,Germany,5,0,0
2003/4/9,Italy,3,0,0
2003/4/9,Malaysia,1,1,0
2003/4/9,Ireland,1,0,0
2003/4/9,Romania,1,0,0
2003/4/9,Singapore,118,9,0
2003/4/9,Spain,1,0,0
2003/4/9,Switzerland,1,0,0
2003/4/9,Thailand,7,2,0
2003/4/9,The United Kingdom,5,0,0
2003/4/9,United States,149,0,0
2003/4/9,Viet Nam,62,4,0
2003/4/10,Brazil,2,0,0
2003/4/10,Canada,97,10,22
2003/4/10,China,1290,55,1025
2003/4/10,Hong Kong,998,30,154
2003/4/10,Taiwan,19,0,5
2003/4/10,France,4,0,0
2003/4/10,Germany,6,0,2
2003/4/10,Italy,3,0,1
2003/4/10,Kuwait,1,0,0
2003/4/10,Malaysia,3,1,0
2003/4/10,Ireland,1,0,1
2003/4/10,Romania,1,0,0
2003/4/10,Singapore,126,9,75
2003/4/10,Spain,1,0,0
2003/4/10,Switzerland,1,0,1
2003/4/10,Thailand,7,2,5
2003/4/10,The United Kingdom,5,0,3
2003/4/10,United States,154,0,0
2003/4/10,Viet Nam,62,4,43
2003/4/11,Brazil,2,0,0
2003/4/11,Canada,98,10,25
2003/4/11,China,1309,58,1037
2003/4/11,Hong Kong,1059,32,169
2003/4/11,Taiwan,21,0,6
2003/4/11,France,5,0,0
2003/4/11,Germany,6,0,4
2003/4/11,Italy,3,0,2
2003/4/11,Japan,4,0,0
2003/4/11,Kuwait,1,0,0
2003/4/11,Malaysia,4,1,0
2003/4/11,Ireland,1,0,1
2003/4/11,Romania,1,0,0
2003/4/11,Singapore,133,9,77
2003/4/11,South Africa,1,0,0
2003/4/11,Spain,1,0,0
2003/4/11,Switzerland,1,0,1
2003/4/11,Thailand,7,2,5
2003/4/11,The United Kingdom,5,0,3
2003/4/11,United States,166,0,0
2003/4/11,Viet Nam,62,4,43
2003/4/12,Brazil,2,0,0
2003/4/12,Canada,101,10,26
2003/4/12,China,1371,62,1083
2003/4/12,Hong Kong,1108,35,215
2003/4/12,Taiwan,23,0,7
2003/4/12,France,5,0,1
2003/4/12,Germany,6,0,4
2003/4/12,Italy,3,0,2
2003/4/12,Japan,4,0,0
2003/4/12,Kuwait,1,0,0
2003/4/12,Malaysia,4,1,0
2003/4/12,Ireland,1,0,1
2003/4/12,Romania,1,0,0
2003/4/12,Singapore,147,9,77
2003/4/12,South Africa,1,0,0
2003/4/12,Spain,1,0,0
2003/4/12,Switzerland,1,0,1
2003/4/12,Thailand,8,2,5
2003/4/12,The United Kingdom,6,0,3
2003/4/12,United States,166,0,0
2003/4/14,Brazil,2,0,0
2003/4/14,Canada,100,13,27
2003/4/14,China,1418,64,1088
2003/4/14,Hong Kong,1190,47,229
2003/4/14,Taiwan,23,0,7
2003/4/14,France,5,0,1
2003/4/14,Germany,6,0,4
2003/4/14,Indonesia,1,0,0
2003/4/14,Italy,3,0,2
2003/4/14,Kuwait,1,0,0
2003/4/14,Malaysia,4,1,0
2003/4/14,Philippines,1,0,1
2003/4/14,Ireland,1,0,1
2003/4/14,Romania,1,0,0
2003/4/14,Singapore,158,12,84
2003/4/14,South Africa,1,0,0
2003/4/14,Spain,1,0,0
2003/4/14,Sweden,1,0,0
2003/4/14,Switzerland,1,0,1
2003/4/14,Thailand,8,2,5
2003/4/14,The United Kingdom,6,0,3
2003/4/14,United States,174,0,0
2003/4/14,Viet Nam,63,5,46
2003/4/15,Brazil,2,0,0
2003/4/15,Canada,100,13,27
2003/4/15,China,1418,64,1088
2003/4/15,Hong Kong,1232,56,243
2003/4/15,Taiwan,23,0,7
2003/4/15,France,5,0,1
2003/4/15,Germany,6,0,4
2003/4/15,Indonesia,1,0,0
2003/4/15,Italy,3,0,2
2003/4/15,Japan,1,0,0
2003/4/15,Kuwait,1,0,0
2003/4/15,Malaysia,4,1,0
2003/4/15,Philippines,1,0,1
2003/4/15,Ireland,1,0,1
2003/4/15,Romania,1,0,1
2003/4/15,Singapore,162,13,85
2003/4/15,South Africa,1,0,0
2003/4/15,Spain,1,0,0
2003/4/15,Sweden,1,0,0
2003/4/15,Switzerland,1,0,1
2003/4/15,Thailand,8,2,5
2003/4/15,The United Kingdom,6,0,3
2003/4/15,United States,193,0,0
2003/4/15,Viet Nam,63,5,46
2003/4/16,Brazil,2,0,0
2003/4/16,Canada,103,13,37
2003/4/16,China,1432,64,1094
2003/4/16,Hong Kong,1268,61,257
2003/4/16,Taiwan,27,0,10
2003/4/16,France,5,0,1
2003/4/16,Germany,6,0,4
2003/4/16,Indonesia,1,0,0
2003/4/16,Italy,3,0,2
2003/4/16,Japan,1,0,0
2003/4/16,Kuwait,1,0,0
2003/4/16,Malaysia,5,1,0
2003/4/16,Philippines,1,0,1
2003/4/16,Ireland,1,0,1
2003/4/16,Romania,1,0,1
2003/4/16,Singapore,162,13,85
2003/4/16,South Africa,1,0,0
2003/4/16,Spain,1,0,0
2003/4/16,Sweden,1,0,0
2003/4/16,Switzerland,1,0,1
2003/4/16,Thailand,8,2,5
2003/4/16,The United Kingdom,6,0,3
2003/4/16,United States,193,0,0
2003/4/16,Viet Nam,63,5,46
2003/4/17,Australia,3,0,3
2003/4/17,Brazil,2,0,0
2003/4/17,Canada,126,12,46
2003/4/17,China,1457,65,1107
2003/4/17,Hong Kong,1297,65,272
2003/4/17,Taiwan,27,0,10
2003/4/17,France,5,0,1
2003/4/17,Germany,6,0,4
2003/4/17,India,1,0,0
2003/4/17,Indonesia,1,0,0
2003/4/17,Italy,3,0,2
2003/4/17,Japan,2,0,0
2003/4/17,Kuwait,1,0,0
2003/4/17,Malaysia,5,1,0
2003/4/17,Mongolia,3,0,3
2003/4/17,Philippines,1,0,1
2003/4/17,Ireland,1,0,1
2003/4/17,Romania,1,0,1
2003/4/17,Singapore,167,15,91
2003/4/17,South Africa,1,0,0
2003/4/17,Spain,1,0,0
2003/4/17,Sweden,1,0,0
2003/4/17,Switzerland,1,0,1
2003/4/17,Thailand,8,2,5
2003/4/17,The United Kingdom,6,0,3
2003/4/17,United States,199,0,0
2003/4/17,Viet Nam,63,5,46
2003/4/18,Australia,3,0,3
2003/4/18,Brazil,2,0,0
2003/4/18,Canada,132,12,54
2003/4/18,China,1512,65,1140
2003/4/18,Hong Kong,1358,81,363
2003/4/18,Taiwan,29,0,17
2003/4/18,France,5,0,1
2003/4/18,Germany,6,0,4
2003/4/18,India,1,0,1
2003/4/18,Indonesia,1,0,0
2003/4/18,Italy,3,0,2
2003/4/18,Japan,4,0,0
2003/4/18,Kuwait,1,0,0
2003/4/18,Malaysia,5,1,0
2003/4/18,Mongolia,3,0,3
2003/4/18,Philippines,1,0,1
2003/4/18,Ireland,1,0,1
2003/4/18,Romania,1,0,1
2003/4/18,Singapore,177,16,100
2003/4/18,South Africa,1,0,0
2003/4/18,Spain,1,0,0
2003/4/18,Sweden,3,0,0
2003/4/18,Switzerland,1,0,1
2003/4/18,Thailand,7,2,6
2003/4/18,The United Kingdom,6,0,5
2003/4/18,United States,220,0,0
2003/4/18,Viet Nam,63,5,46
2003/4/19,Australia,3,0,3
2003/4/19,Brazil,2,0,0
2003/4/19,Canada,132,12,54
2003/4/19,China,1512,65,1140
2003/4/19,Hong Kong,1358,81,363
2003/4/19,Taiwan,29,0,17
2003/4/19,France,5,0,1
2003/4/19,Germany,6,0,4
2003/4/19,India,1,0,1
2003/4/19,Indonesia,1,0,0
2003/4/19,Italy,3,0,2
2003/4/19,Japan,4,0,0
2003/4/19,Kuwait,1,0,0
2003/4/19,Malaysia,5,1,0
2003/4/19,Mongolia,3,0,3
2003/4/19,Philippines,1,0,1
2003/4/19,Ireland,1,0,1
2003/4/19,Romania,1,0,1
2003/4/19,Singapore,177,16,100
2003/4/19,South Africa,1,0,0
2003/4/19,Spain,1,0,0
2003/4/19,Sweden,3,0,0
2003/4/19,Switzerland,1,0,1
2003/4/19,Thailand,7,2,6
2003/4/19,The United Kingdom,6,0,5
2003/4/19,United States,220,0,0
2003/4/19,Viet Nam,63,5,46
2003/4/21,Australia,3,0,3
2003/4/21,Brazil,2,0,0
2003/4/21,Canada,132,12,54
2003/4/21,China,1959,86,1187
2003/4/21,Hong Kong,1402,94,436
2003/4/21,Taiwan,29,0,17
2003/4/21,France,5,0,1
2003/4/21,Germany,6,0,4
2003/4/21,India,1,0,1
2003/4/21,Indonesia,1,0,0
2003/4/21,Italy,3,0,2
2003/4/21,Japan,5,0,0
2003/4/21,Kuwait,1,0,1
2003/4/21,Malaysia,6,1,0
2003/4/21,Mongolia,3,0,3
2003/4/21,Philippines,2,1,1
2003/4/21,Ireland,1,0,1
2003/4/21,Romania,1,0,1
2003/4/21,Singapore,178,16,104
2003/4/21,South Africa,1,0,0
2003/4/21,Spain,1,0,0
2003/4/21,Sweden,3,0,0
2003/4/21,Switzerland,1,0,1
2003/4/21,Thailand,7,2,5
2003/4/21,The United Kingdom,6,0,5
2003/4/21,United States,39,0,0
2003/4/21,Viet Nam,63,5,46
2003/4/22,Australia,3,0,3
2003/4/22,Brazil,2,0,0
2003/4/22,Canada,139,13,65
2003/4/22,China,2001,92,1201
2003/4/22,Hong Kong,1434,99,461
2003/4/22,Taiwan,29,0,21
2003/4/22,France,5,0,1
2003/4/22,Germany,7,0,6
2003/4/22,India,1,0,1
2003/4/22,Indonesia,1,0,0
2003/4/22,Italy,3,0,2
2003/4/22,Japan,2,0,0
2003/4/22,Kuwait,1,0,1
2003/4/22,Malaysia,6,1,0
2003/4/22,Mongolia,3,0,3
2003/4/22,Philippines,2,1,1
2003/4/22,Ireland,1,0,1
2003/4/22,Romania,1,0,1
2003/4/22,Singapore,186,16,110
2003/4/22,South Africa,1,0,0
2003/4/22,Spain,1,0,0
2003/4/22,Sweden,3,0,0
2003/4/22,Switzerland,1,0,1
2003/4/22,Thailand,7,2,5
2003/4/22,The United Kingdom,6,0,5
2003/4/22,United States,38,0,0
2003/4/22,Viet Nam,63,5,46
2003/4/23,Australia,4,0,3
2003/4/23,Brazil,2,0,0
2003/4/23,Canada,140,13,65
2003/4/23,China,2305,106,1231
2003/4/23,Hong Kong,1458,105,522
2003/4/23,Taiwan,37,0,21
2003/4/23,France,5,0,1
2003/4/23,Germany,7,0,6
2003/4/23,India,1,0,1
2003/4/23,Indonesia,1,0,0
2003/4/23,Italy,3,0,2
2003/4/23,Japan,2,0,0
2003/4/23,Kuwait,1,0,1
2003/4/23,Malaysia,5,2,2
2003/4/23,Mongolia,3,0,3
2003/4/23,Philippines,2,1,1
2003/4/23,Ireland,1,0,1
2003/4/23,Romania,1,0,1
2003/4/23,Singapore,189,17,114
2003/4/23,South Africa,1,0,0
2003/4/23,Spain,1,0,0
2003/4/23,Sweden,3,0,0
2003/4/23,Switzerland,1,0,1
2003/4/23,Thailand,7,2,5
2003/4/23,The United Kingdom,6,0,5
2003/4/23,United States,39,0,0
2003/4/23,Viet Nam,63,5,46
2003/4/24,Brazil,2,0,2
2003/4/24,Bulgaria,1,0,0
2003/4/24,Canada,140,15,67
2003/4/24,China,2422,110,1254
2003/4/24,Hong Kong,1488,109,567
2003/4/24,Taiwan,37,0,21
2003/4/24,France,5,0,1
2003/4/24,Germany,7,0,6
2003/4/24,India,1,0,1
2003/4/24,Indonesia,1,0,1
2003/4/24,Italy,4,0,3
2003/4/24,Japan,2,0,0
2003/4/24,Kuwait,1,0,1
2003/4/24,Malaysia,5,2,2
2003/4/24,Mongolia,3,0,3
2003/4/24,Philippines,2,1,1
2003/4/24,Ireland,1,0,1
2003/4/24,Romania,1,0,1
2003/4/24,Singapore,192,19,118
2003/4/24,South Africa,1,0,0
2003/4/24,Spain,1,0,1
2003/4/24,Sweden,3,0,2
2003/4/24,Switzerland,1,0,1
2003/4/24,Thailand,8,2,5
2003/4/24,The United Kingdom,6,0,6
2003/4/24,United States,37,0,0
2003/4/24,Viet Nam,63,5,49
2003/4/25,Brazil,2,0,2
2003/4/25,Bulgaria,1,0,0
2003/4/25,Canada,140,15,74
2003/4/25,China,2601,115,1277
2003/4/25,Hong Kong,1510,115,614
2003/4/25,Taiwan,41,0,21
2003/4/25,France,5,0,1
2003/4/25,Germany,7,0,6
2003/4/25,India,1,0,1
2003/4/25,Indonesia,1,0,1
2003/4/25,Italy,4,0,3
2003/4/25,Japan,2,0,0
2003/4/25,Kuwait,1,0,1
2003/4/25,Malaysia,5,2,2
2003/4/25,Mongolia,3,0,3
2003/4/25,Philippines,2,1,1
2003/4/25,Ireland,1,0,1
2003/4/25,Romania,1,0,1
2003/4/25,Singapore,195,19,126
2003/4/25,South Africa,1,0,0
2003/4/25,Spain,1,0,1
2003/4/25,Sweden,3,0,2
2003/4/25,Switzerland,1,0,1
2003/4/25,Thailand,8,2,5
2003/4/25,The United Kingdom,6,0,6
2003/4/25,United States,39,0,0
2003/4/25,Viet Nam,63,5,53
2003/4/26,Brazil,2,0,2
2003/4/26,Bulgaria,1,0,0
2003/4/26,Canada,142,18,77
2003/4/26,China,2753,122,1285
2003/4/26,Hong Kong,1527,121,632
2003/4/26,Taiwan,49,0,25
2003/4/26,France,5,0,1
2003/4/26,Germany,7,0,6
2003/4/26,India,1,0,1
2003/4/26,Indonesia,1,0,1
2003/4/26,Italy,4,0,3
2003/4/26,Japan,2,0,0
2003/4/26,Kuwait,1,0,1
2003/4/26,Malaysia,5,2,2
2003/4/26,Mongolia,5,0,3
2003/4/26,Philippines,4,2,1
2003/4/26,Ireland,1,0,1
2003/4/26,Romania,1,0,1
2003/4/26,Singapore,198,21,126
2003/4/26,South Africa,1,0,0
2003/4/26,Spain,1,0,1
2003/4/26,Sweden,3,0,2
2003/4/26,Switzerland,1,0,1
2003/4/26,Thailand,7,2,5
2003/4/26,The United Kingdom,6,0,6
2003/4/26,United States,41,0,0
2003/4/26,Viet Nam,63,5,53
2003/4/28,Brazil,2,0,2
2003/4/28,Bulgaria,1,0,0
2003/4/28,Canada,142,18,77
2003/4/28,China,2914,131,1299
2003/4/28,Hong Kong,1557,138,710
2003/4/28,Taiwan,66,0,25
2003/4/28,France,5,0,1
2003/4/28,Germany,7,0,6
2003/4/28,India,1,0,1
2003/4/28,Indonesia,1,0,1
2003/4/28,Italy,8,0,3
2003/4/28,Japan,2,0,0
2003/4/28,Kuwait,1,0,1
2003/4/28,Malaysia,6,2,2
2003/4/28,Mongolia,5,0,3
2003/4/28,Philippines,4,2,1
2003/4/28,Ireland,1,0,1
2003/4/28,Romania,1,0,1
2003/4/28,Singapore,199,23,137
2003/4/28,South Africa,1,0,0
2003/4/28,Spain,1,0,1
2003/4/28,Sweden,3,0,2
2003/4/28,Switzerland,1,0,1
2003/4/28,Thailand,7,2,5
2003/4/28,The United Kingdom,6,0,6
2003/4/28,United States,41,0,0
2003/4/28,Viet Nam,63,5,53
2003/4/29,Brazil,2,0,2
2003/4/29,Bulgaria,1,0,0
2003/4/29,Canada,146,20,86
2003/4/29,China,3303,148,1322
2003/4/29,Hong Kong,1572,150,759
2003/4/29,Taiwan,66,0,25
2003/4/29,France,5,0,1
2003/4/29,Germany,7,0,6
2003/4/29,India,1,0,1
2003/4/29,Indonesia,1,0,1
2003/4/29,Italy,9,0,4
2003/4/29,Japan,2,0,0
2003/4/29,Kuwait,1,0,1
2003/4/29,Malaysia,6,2,3
2003/4/29,Mongolia,5,0,3
2003/4/29,Philippines,4,2,1
2003/4/29,Ireland,1,0,1
2003/4/29,Republic of Korea,1,0,0
2003/4/29,Romania,1,0,1
2003/4/29,Singapore,201,24,139
2003/4/29,South Africa,1,0,0
2003/4/29,Spain,1,0,1
2003/4/29,Sweden,3,0,2
2003/4/29,Switzerland,1,0,1
2003/4/29,Thailand,7,2,5
2003/4/29,The United Kingdom,6,0,6
2003/4/29,United States,41,0,0
2003/4/29,Viet Nam,63,5,53
2003/4/30,Brazil,2,0,2
2003/4/30,Bulgaria,1,0,0
2003/4/30,Canada,148,20,87
2003/4/30,China,3460,159,1332
2003/4/30,Hong Kong,1589,157,791
2003/4/30,Macao,1,0,0
2003/4/30,Taiwan,78,1,25
2003/4/30,France,5,0,1
2003/4/30,Germany,7,0,7
2003/4/30,Indonesia,2,0,1
2003/4/30,Italy,9,0,4
2003/4/30,Japan,2,0,0
2003/4/30,Kuwait,1,0,1
2003/4/30,Malaysia,6,2,3
2003/4/30,Mongolia,6,0,3
2003/4/30,Philippines,4,2,1
2003/4/30,Ireland,1,0,1
2003/4/30,Republic of Korea,1,0,0
2003/4/30,Romania,1,0,1
2003/4/30,Singapore,201,24,139
2003/4/30,South Africa,1,0,0
2003/4/30,Spain,1,0,1
2003/4/30,Sweden,3,0,2
2003/4/30,Switzerland,1,0,1
2003/4/30,Thailand,7,2,5
2003/4/30,The United Kingdom,6,0,6
2003/4/30,United States,52,0,0
2003/4/30,Viet Nam,63,5,53
2003/5/1,Brazil,2,0,2
2003/5/1,Bulgaria,1,0,0
2003/5/1,Canada,147,20,87
2003/5/1,China,3638,170,1351
2003/5/1,Hong Kong,1600,162,834
2003/5/1,Macao,1,0,0
2003/5/1,Taiwan,89,3,25
2003/5/1,France,5,0,1
2003/5/1,Germany,7,0,7
2003/5/1,Indonesia,2,0,1
2003/5/1,Italy,9,0,4
2003/5/1,Japan,2,0,0
2003/5/1,Kuwait,1,0,1
2003/5/1,Malaysia,6,2,3
2003/5/1,Mongolia,6,0,3
2003/5/1,Philippines,4,2,1
2003/5/1,Poland,1,0,0
2003/5/1,Ireland,1,0,1
2003/5/1,Republic of Korea,1,0,0
2003/5/1,Romania,1,0,1
2003/5/1,Singapore,201,25,143
2003/5/1,South Africa,1,0,0
2003/5/1,Spain,1,0,1
2003/5/1,Sweden,3,0,2
2003/5/1,Switzerland,1,0,1
2003/5/1,Thailand,7,2,5
2003/5/1,The United Kingdom,6,0,6
2003/5/1,United States,54,0,23
2003/5/1,Viet Nam,63,5,56
2003/5/2,Brazil,2,0,2
2003/5/2,Bulgaria,1,0,0
2003/5/2,Canada,149,22,93
2003/5/2,China,3799,181,1372
2003/5/2,Hong Kong,1611,170,878
2003/5/2,Macao,1,0,0
2003/5/2,Taiwan,100,8,25
2003/5/2,France,5,0,4
2003/5/2,Germany,7,0,7
2003/5/2,Indonesia,2,0,1
2003/5/2,Italy,9,0,4
2003/5/2,Kuwait,1,0,1
2003/5/2,Malaysia,6,2,3
2003/5/2,Mongolia,8,0,4
2003/5/2,New Zealand,1,0,1
2003/5/2,Philippines,3,2,1
2003/5/2,Poland,1,0,0
2003/5/2,Republic of Ireland,1,0,1
2003/5/2,Republic of Korea,1,0,0
2003/5/2,Romania,1,0,1
2003/5/2,Singapore,203,25,146
2003/5/2,South Africa,1,0,0
2003/5/2,Spain,1,0,1
2003/5/2,Sweden,3,0,2
2003/5/2,Switzerland,1,0,1
2003/5/2,Thailand,7,2,5
2003/5/2,United Kingdom,6,0,6
2003/5/2,United States,56,0,24
2003/5/2,Viet Nam,63,5,56
2003/5/3,Brazil,2,0,2
2003/5/3,Bulgaria,1,0,0
2003/5/3,Canada,149,22,94
2003/5/3,China,3971,190,1406
2003/5/3,"Hong Kong SAR, China",1621,179,898
2003/5/3,"Macao SAR, China",1,0,0
2003/5/3,"Taiwan, China",100,8,25
2003/5/3,France,5,0,4
2003/5/3,Germany,7,0,7
2003/5/3,Indonesia,2,0,1
2003/5/3,Italy,9,0,4
2003/5/3,Kuwait,1,0,1
2003/5/3,Malaysia,6,2,3
2003/5/3,Mongolia,8,0,4
2003/5/3,New Zealand,1,0,1
2003/5/3,Philippines,3,2,1
2003/5/3,Poland,1,0,0
2003/5/3,Ireland,1,0,1
2003/5/3,Republic of Korea,1,0,0
2003/5/3,Romania,1,0,1
2003/5/3,Singapore,203,25,147
2003/5/3,South Africa,1,0,1
2003/5/3,Spain,1,0,1
2003/5/3,Sweden,3,0,2
2003/5/3,Switzerland,1,0,1
2003/5/3,Thailand,7,2,5
2003/5/3,The United Kingdom,6,0,6
2003/5/3,United States,54,0,24
2003/5/3,Viet Nam,63,5,58
2003/5/5,Brazil,2,0,2
2003/5/5,Bulgaria,1,0,0
2003/5/5,Canada,148,22,93
2003/5/5,China,4280,206,1433
2003/5/5,Hong Kong,1637,187,930
2003/5/5,Macao,1,0,0
2003/5/5,Taiwan,116,8,25
2003/5/5,France,5,0,4
2003/5/5,Germany,7,0,7
2003/5/5,Indonesia,2,0,1
2003/5/5,Italy,9,0,4
2003/5/5,Kuwait,1,0,1
2003/5/5,Malaysia,7,2,4
2003/5/5,Mongolia,8,0,4
2003/5/5,New Zealand,1,0,1
2003/5/5,Philippines,3,2,1
2003/5/5,Poland,1,0,0
2003/5/5,Ireland,1,0,1
2003/5/5,Republic of Korea,1,0,0
2003/5/5,Romania,1,0,1
2003/5/5,Singapore,204,26,149
2003/5/5,South Africa,1,1,0
2003/5/5,Spain,1,0,1
2003/5/5,Sweden,3,0,2
2003/5/5,Switzerland,1,0,1
2003/5/5,Thailand,7,2,5
2003/5/5,The United Kingdom,6,0,6
2003/5/5,United States,61,0,26
2003/5/5,Viet Nam,63,5,58
2003/5/6,Brazil,2,0,2
2003/5/6,Bulgaria,1,0,0
2003/5/6,Canada,148,22,93
2003/5/6,China,4409,214,1460
2003/5/6,Hong Kong,1646,193,958
2003/5/6,Macao,1,0,0
2003/5/6,Taiwan,116,10,25
2003/5/6,Colombia,1,0,1
2003/5/6,France,5,0,4
2003/5/6,Germany,7,0,7
2003/5/6,India,1,0,0
2003/5/6,Indonesia,2,0,1
2003/5/6,Italy,9,0,4
2003/5/6,Kuwait,1,0,1
2003/5/6,Malaysia,7,2,4
2003/5/6,Mongolia,8,0,4
2003/5/6,New Zealand,1,0,1
2003/5/6,Philippines,3,2,1
2003/5/6,Poland,1,0,0
2003/5/6,Ireland,1,0,1
2003/5/6,Republic of Korea,1,0,0
2003/5/6,Romania,1,0,1
2003/5/6,Singapore,204,27,149
2003/5/6,South Africa,1,1,0
2003/5/6,Spain,1,0,1
2003/5/6,Sweden,3,0,2
2003/5/6,Switzerland,1,0,1
2003/5/6,Thailand,7,2,5
2003/5/6,The United Kingdom,6,0,6
2003/5/6,United States,65,0,32
2003/5/6,Viet Nam,63,5,58
2003/5/7,Brazil,2,0,2
2003/5/7,Bulgaria,1,0,0
2003/5/7,Canada,146,22,93
2003/5/7,China,4560,219,1487
2003/5/7,Hong Kong,1654,204,984
2003/5/7,Macao,1,0,0
2003/5/7,Taiwan,125,11,26
2003/5/7,Colombia,1,0,1
2003/5/7,France,6,0,4
2003/5/7,Germany,8,0,7
2003/5/7,India,1,0,0
2003/5/7,Indonesia,2,0,1
2003/5/7,Italy,9,0,5
2003/5/7,Kuwait,1,0,1
2003/5/7,Malaysia,7,2,4
2003/5/7,Mongolia,9,0,6
2003/5/7,New Zealand,1,0,1
2003/5/7,Philippines,10,2,2
2003/5/7,Poland,1,0,0
2003/5/7,Ireland,1,0,1
2003/5/7,Republic of Korea,1,0,0
2003/5/7,Romania,1,0,1
2003/5/7,Singapore,204,27,150
2003/5/7,South Africa,1,1,0
2003/5/7,Spain,1,0,1
2003/5/7,Sweden,3,0,2
2003/5/7,Switzerland,1,0,1
2003/5/7,Thailand,7,2,5
2003/5/7,The United Kingdom,6,0,6
2003/5/7,United States,65,0,32
2003/5/7,Viet Nam,63,5,58
2003/5/8,Brazil,2,0,2
2003/5/8,Bulgaria,1,0,0
2003/5/8,Canada,146,22,95
2003/5/8,China,4698,224,1529
2003/5/8,Hong Kong,1661,208,1008
2003/5/8,Macao,1,0,0
2003/5/8,Taiwan,131,13,26
2003/5/8,Colombia,1,0,1
2003/5/8,Finland,1,0,0
2003/5/8,France,6,0,4
2003/5/8,Germany,8,0,7
2003/5/8,India,1,0,0
2003/5/8,Indonesia,2,0,1
2003/5/8,Italy,9,0,6
2003/5/8,Kuwait,1,0,1
2003/5/8,Malaysia,7,2,4
2003/5/8,Mongolia,9,0,6
2003/5/8,New Zealand,1,0,1
2003/5/8,Philippines,10,2,2
2003/5/8,Poland,1,0,0
2003/5/8,Ireland,1,0,1
2003/5/8,Republic of Korea,1,0,1
2003/5/8,Romania,1,0,1
2003/5/8,Singapore,204,27,153
2003/5/8,South Africa,1,1,0
2003/5/8,Spain,1,0,1
2003/5/8,Sweden,3,0,2
2003/5/8,Switzerland,1,0,1
2003/5/8,Thailand,7,2,5
2003/5/8,The United Kingdom,6,0,6
2003/5/8,United States,63,0,33
2003/5/8,Viet Nam,63,5,58
2003/5/9,Brazil,2,0,2
2003/5/9,Bulgaria,1,0,0
2003/5/9,Canada,145,22,94
2003/5/9,China,4805,230,1582
2003/5/9,Hong Kong,1667,210,1015
2003/5/9,Macao,1,0,0
2003/5/9,Taiwan,149,13,26
2003/5/9,Colombia,1,0,1
2003/5/9,Finland,1,0,0
2003/5/9,France,6,0,4
2003/5/9,Germany,9,0,9
2003/5/9,India,1,0,0
2003/5/9,Indonesia,2,0,1
2003/5/9,Italy,9,0,9
2003/5/9,Kuwait,1,0,1
2003/5/9,Malaysia,6,2,4
2003/5/9,Mongolia,9,0,6
2003/5/9,New Zealand,1,0,1
2003/5/9,Philippines,10,2,2
2003/5/9,Poland,1,0,0
2003/5/9,Ireland,1,0,1
2003/5/9,Republic of Korea,1,0,1
2003/5/9,Romania,1,0,1
2003/5/9,Singapore,204,27,153
2003/5/9,South Africa,1,1,0
2003/5/9,Spain,1,0,1
2003/5/9,Sweden,3,0,2
2003/5/9,Switzerland,1,0,1
2003/5/9,Thailand,7,2,5
2003/5/9,The United Kingdom,6,0,6
2003/5/9,United States,63,0,33
2003/5/9,Viet Nam,63,5,58
2003/5/10,Brazil,2,0,2
2003/5/10,Bulgaria,1,0,0
2003/5/10,Canada,145,22,97
2003/5/10,China,4884,235,1620
2003/5/10,Hong Kong,1674,212,1035
2003/5/10,Macao,1,0,0
2003/5/10,Taiwan,172,18,26
2003/5/10,Colombia,1,0,1
2003/5/10,Finland,1,0,0
2003/5/10,France,7,0,4
2003/5/10,Germany,9,0,9
2003/5/10,India,1,0,0
2003/5/10,Indonesia,2,0,1
2003/5/10,Italy,9,0,9
2003/5/10,Kuwait,1,0,1
2003/5/10,Malaysia,7,2,4
2003/5/10,Mongolia,9,0,6
2003/5/10,New Zealand,1,0,1
2003/5/10,Philippines,10,2,2
2003/5/10,Poland,1,0,0
2003/5/10,Ireland,1,0,1
2003/5/10,Republic of Korea,1,0,1
2003/5/10,Romania,1,0,1
2003/5/10,Singapore,205,27,155
2003/5/10,South Africa,1,1,0
2003/5/10,Spain,1,0,1
2003/5/10,Sweden,3,0,2
2003/5/10,Switzerland,1,0,1
2003/5/10,Thailand,7,2,5
2003/5/10,The United Kingdom,6,0,6
2003/5/10,United States,64,0,34
2003/5/10,Viet Nam,63,5,58
2003/5/12,Brazil,2,0,2
2003/5/12,Bulgaria,1,0,0
2003/5/12,Canada,143,22,98
2003/5/12,China,5013,252,1693
2003/5/12,Hong Kong,1683,218,1066
2003/5/12,Macao,1,0,0
2003/5/12,Taiwan,184,20,26
2003/5/12,Colombia,1,0,1
2003/5/12,Finland,1,0,0
2003/5/12,France,7,0,4
2003/5/12,Germany,9,0,9
2003/5/12,India,1,0,0
2003/5/12,Indonesia,2,0,1
2003/5/12,Italy,9,0,8
2003/5/12,Kuwait,1,0,1
2003/5/12,Malaysia,7,2,4
2003/5/12,Mongolia,9,0,6
2003/5/12,New Zealand,1,0,1
2003/5/12,Philippines,10,2,3
2003/5/12,Poland,1,0,0
2003/5/12,Ireland,1,0,1
2003/5/12,Republic of Korea,2,0,1
2003/5/12,Romania,1,0,1
2003/5/12,Singapore,205,28,156
2003/5/12,South Africa,1,1,0
2003/5/12,Spain,1,0,1
2003/5/12,Sweden,3,0,2
2003/5/12,Switzerland,1,0,1
2003/5/12,Thailand,7,2,5
2003/5/12,The United Kingdom,6,0,6
2003/5/12,United States,64,0,34
2003/5/12,Viet Nam,63,5,58
2003/5/13,Brazil,2,0,2
2003/5/13,Bulgaria,1,0,0
2003/5/13,Canada,143,22,99
2003/5/13,China,5086,262,1765
2003/5/13,Hong Kong,1689,225,1090
2003/5/13,Macao,1,0,0
2003/5/13,Taiwan,207,24,30
2003/5/13,Colombia,1,0,1
2003/5/13,Finland,1,0,0
2003/5/13,France,7,0,4
2003/5/13,Germany,9,0,9
2003/5/13,India,3,0,0
2003/5/13,Indonesia,2,0,1
2003/5/13,Italy,9,0,9
2003/5/13,Kuwait,1,0,1
2003/5/13,Malaysia,7,2,4
2003/5/13,Mongolia,9,0,6
2003/5/13,New Zealand,1,0,1
2003/5/13,Philippines,10,2,3
2003/5/13,Ireland,1,0,1
2003/5/13,Republic of Korea,2,0,1
2003/5/13,Romania,1,0,1
2003/5/13,Singapore,205,28,157
2003/5/13,South Africa,1,1,0
2003/5/13,Spain,1,0,1
2003/5/13,Sweden,3,0,3
2003/5/13,Switzerland,1,0,1
2003/5/13,Thailand,7,2,5
2003/5/13,The United Kingdom,4,0,4
2003/5/13,United States,64,0,35
2003/5/13,Viet Nam,63,5,58
2003/5/14,Brazil,2,0,2
2003/5/14,Bulgaria,1,0,0
2003/5/14,Canada,143,23,104
2003/5/14,China,5124,267,1811
2003/5/14,Hong Kong,1698,227,1128
2003/5/14,Macao,1,0,0
2003/5/14,Taiwan,238,30,38
2003/5/14,Colombia,1,0,1
2003/5/14,Finland,1,0,0
2003/5/14,France,7,0,4
2003/5/14,Germany,9,0,9
2003/5/14,India,3,0,0
2003/5/14,Indonesia,2,0,2
2003/5/14,Italy,9,0,9
2003/5/14,Kuwait,1,0,1
2003/5/14,Malaysia,7,2,5
2003/5/14,Mongolia,9,0,6
2003/5/14,New Zealand,1,0,1
2003/5/14,Philippines,10,2,3
2003/5/14,Ireland,1,0,1
2003/5/14,Republic of Korea,3,0,1
2003/5/14,Romania,1,0,1
2003/5/14,Singapore,205,28,157
2003/5/14,South Africa,1,1,0
2003/5/14,Spain,1,0,1
2003/5/14,Sweden,3,0,3
2003/5/14,Switzerland,1,0,1
2003/5/14,Thailand,8,2,5
2003/5/14,The United Kingdom,4,0,4
2003/5/14,United States,64,0,35
2003/5/14,Viet Nam,63,5,58
2003/5/15,Brazil,2,0,2
2003/5/15,Bulgaria,1,0,0
2003/5/15,Canada,142,23,107
2003/5/15,China,5163,271,1858
2003/5/15,Hong Kong,1703,234,1160
2003/5/15,Macao,1,0,0
2003/5/15,Taiwan,264,30,38
2003/5/15,Colombia,1,0,1
2003/5/15,Finland,1,0,0
2003/5/15,France,7,0,4
2003/5/15,Germany,9,0,9
2003/5/15,India,3,0,3
2003/5/15,Indonesia,2,0,2
2003/5/15,Italy,9,0,9
2003/5/15,Kuwait,1,0,1
2003/5/15,Malaysia,7,2,5
2003/5/15,Mongolia,9,0,7
2003/5/15,New Zealand,1,0,1
2003/5/15,Philippines,12,2,4
2003/5/15,Ireland,1,0,1
2003/5/15,Republic of Korea,3,0,1
2003/5/15,Romania,1,0,1
2003/5/15,Singapore,205,28,157
2003/5/15,South Africa,1,1,0
2003/5/15,Spain,1,0,1
2003/5/15,Sweden,3,0,3
2003/5/15,Switzerland,1,0,1
2003/5/15,Thailand,8,2,5
2003/5/15,The United Kingdom,4,0,4
2003/5/15,United States,64,0,35
2003/5/15,Viet Nam,63,5,58
2003/5/16,Brazil,2,0,2
2003/5/16,Bulgaria,1,0,0
2003/5/16,Canada,140,23,106
2003/5/16,China,5191,275,1947
2003/5/16,Hong Kong,1706,238,1171
2003/5/16,Macao,1,0,0
2003/5/16,Taiwan,274,35,46
2003/5/16,Colombia,1,0,1
2003/5/16,Finland,1,0,0
2003/5/16,France,7,0,4
2003/5/16,Germany,9,0,9
2003/5/16,India,3,0,3
2003/5/16,Indonesia,2,0,2
2003/5/16,Italy,9,0,9
2003/5/16,Kuwait,1,0,1
2003/5/16,Malaysia,7,2,5
2003/5/16,Mongolia,9,0,7
2003/5/16,New Zealand,1,0,1
2003/5/16,Philippines,12,2,4
2003/5/16,Ireland,1,0,1
2003/5/16,Republic of Korea,3,0,1
2003/5/16,Romania,1,0,1
2003/5/16,Singapore,205,28,157
2003/5/16,South Africa,1,1,0
2003/5/16,Spain,1,0,1
2003/5/16,Sweden,3,0,3
2003/5/16,Switzerland,1,0,1
2003/5/16,Thailand,8,2,5
2003/5/16,The United Kingdom,4,0,4
2003/5/16,United States,65,0,34
2003/5/16,Viet Nam,63,5,58
2003/5/17,Brazil,2,0,2
2003/5/17,Canada,140,23,106
2003/5/17,China,5209,282,2009
2003/5/17,Hong Kong,1710,243,1191
2003/5/17,Macao,1,0,0
2003/5/17,Taiwan,274,35,46
2003/5/17,Colombia,1,0,1
2003/5/17,Finland,1,0,0
2003/5/17,France,7,0,6
2003/5/17,Germany,9,0,9
2003/5/17,India,3,0,3
2003/5/17,Indonesia,2,0,2
2003/5/17,Italy,9,0,9
2003/5/17,Kuwait,1,0,1
2003/5/17,Malaysia,7,2,5
2003/5/17,Mongolia,9,0,7
2003/5/17,New Zealand,1,0,1
2003/5/17,Philippines,12,2,4
2003/5/17,Ireland,1,0,1
2003/5/17,Republic of Korea,3,0,1
2003/5/17,Romania,1,0,1
2003/5/17,Singapore,205,28,157
2003/5/17,South Africa,1,1,0
2003/5/17,Spain,1,0,1
2003/5/17,Sweden,3,0,3
2003/5/17,Switzerland,1,0,1
2003/5/17,Thailand,8,2,5
2003/5/17,The United Kingdom,4,0,4
2003/5/17,United States,66,0,34
2003/5/17,Viet Nam,63,5,58
2003/5/19,Brazil,2,0,2
2003/5/19,Canada,140,23,106
2003/5/19,China,5236,289,2148
2003/5/19,Hong Kong,1714,251,1213
2003/5/19,Macao,1,0,0
2003/5/19,Taiwan,344,40,50
2003/5/19,Colombia,1,0,1
2003/5/19,Finland,1,0,0
2003/5/19,France,7,0,6
2003/5/19,Germany,9,0,9
2003/5/19,India,3,0,3
2003/5/19,Indonesia,2,0,2
2003/5/19,Italy,9,0,9
2003/5/19,Kuwait,1,0,1
2003/5/19,Malaysia,7,2,5
2003/5/19,Mongolia,9,0,8
2003/5/19,New Zealand,1,0,1
2003/5/19,Philippines,12,2,8
2003/5/19,Ireland,1,0,1
2003/5/19,Republic of Korea,3,0,1
2003/5/19,Romania,1,0,1
2003/5/19,Singapore,206,28,160
2003/5/19,South Africa,1,1,0
2003/5/19,Spain,1,0,1
2003/5/19,Sweden,3,0,3
2003/5/19,Switzerland,1,0,1
2003/5/19,Thailand,8,2,5
2003/5/19,The United Kingdom,4,0,4
2003/5/19,United States,67,0,34
2003/5/19,Viet Nam,63,5,58
2003/5/20,Brazil,2,0,2
2003/5/20,Canada,140,23,106
2003/5/20,China,5248,294,2254
2003/5/20,Hong Kong,1718,253,1229
2003/5/20,Macao,1,0,0
2003/5/20,Taiwan,383,52,63
2003/5/20,Colombia,1,0,1
2003/5/20,Finland,1,0,0
2003/5/20,France,7,0,6
2003/5/20,Germany,9,0,9
2003/5/20,India,3,0,3
2003/5/20,Indonesia,2,0,2
2003/5/20,Italy,9,0,9
2003/5/20,Kuwait,1,0,1
2003/5/20,Malaysia,7,2,5
2003/5/20,Mongolia,9,0,8
2003/5/20,New Zealand,1,0,1
2003/5/20,Philippines,12,2,8
2003/5/20,Ireland,1,0,1
2003/5/20,Republic of Korea,3,0,2
2003/5/20,Romania,1,0,1
2003/5/20,Singapore,206,28,161
2003/5/20,South Africa,1,1,0
2003/5/20,Spain,1,0,1
2003/5/20,Sweden,3,0,3
2003/5/20,Switzerland,1,0,1
2003/5/20,Thailand,8,2,5
2003/5/20,The United Kingdom,4,0,4
2003/5/20,United States,67,0,34
2003/5/20,Viet Nam,63,5,58
2003/5/21,Brazil,2,0,2
2003/5/21,Canada,140,23,108
2003/5/21,China,5249,296,2335
2003/5/21,Hong Kong,1719,255,1237
2003/5/21,Macao,1,0,0
2003/5/21,Taiwan,418,52,71
2003/5/21,Colombia,1,0,1
2003/5/21,Finland,1,0,1
2003/5/21,France,7,0,6
2003/5/21,Germany,9,0,9
2003/5/21,India,3,0,3
2003/5/21,Indonesia,2,0,2
2003/5/21,Italy,9,0,9
2003/5/21,Kuwait,1,0,1
2003/5/21,Malaysia,8,2,5
2003/5/21,Mongolia,9,0,8
2003/5/21,New Zealand,1,0,1
2003/5/21,Philippines,12,2,10
2003/5/21,Ireland,1,0,1
2003/5/21,Republic of Korea,3,0,2
2003/5/21,Romania,1,0,1
2003/5/21,Singapore,206,28,161
2003/5/21,South Africa,1,1,0
2003/5/21,Spain,1,0,1
2003/5/21,Sweden,3,0,3
2003/5/21,Switzerland,1,0,1
2003/5/21,Thailand,8,2,5
2003/5/21,The United Kingdom,4,0,4
2003/5/21,United States,66,0,33
2003/5/21,Viet Nam,63,5,58
2003/5/22,Australia,6,0,6
2003/5/22,Brazil,2,0,2
2003/5/22,Canada,140,23,109
2003/5/22,China,5271,300,2445
2003/5/22,Hong Kong,1722,258,1247
2003/5/22,Macao,2,0,0
2003/5/22,Taiwan,483,60,74
2003/5/22,Colombia,1,0,1
2003/5/22,Finland,1,0,1
2003/5/22,France,7,0,6
2003/5/22,Germany,9,0,9
2003/5/22,India,3,0,3
2003/5/22,Indonesia,2,0,2
2003/5/22,Italy,9,0,9
2003/5/22,Kuwait,1,0,1
2003/5/22,Malaysia,8,2,5
2003/5/22,Mongolia,9,0,8
2003/5/22,New Zealand,1,0,1
2003/5/22,Philippines,12,2,10
2003/5/22,Ireland,1,0,1
2003/5/22,Republic of Korea,3,0,2
2003/5/22,Romania,1,0,1
2003/5/22,Singapore,206,29,162
2003/5/22,South Africa,1,1,0
2003/5/22,Spain,1,0,1
2003/5/22,Sweden,3,0,3
2003/5/22,Switzerland,1,0,1
2003/5/22,Thailand,8,2,5
2003/5/22,The United Kingdom,4,0,4
2003/5/22,United States,65,0,33
2003/5/22,Viet Nam,63,5,58
2003/5/23,Brazil,2,0,2
2003/5/23,Canada,140,23,109
2003/5/23,China,5285,303,2544
2003/5/23,Hong Kong,1724,260,1255
2003/5/23,Macao,2,0,0
2003/5/23,Taiwan,538,60,82
2003/5/23,Colombia,1,0,1
2003/5/23,Finland,1,0,1
2003/5/23,France,7,0,6
2003/5/23,Germany,9,0,9
2003/5/23,India,3,0,3
2003/5/23,Indonesia,2,0,2
2003/5/23,Italy,9,0,9
2003/5/23,Kuwait,1,0,1
2003/5/23,Malaysia,8,2,5
2003/5/23,Mongolia,9,0,8
2003/5/23,New Zealand,1,0,1
2003/5/23,Philippines,12,2,10
2003/5/23,Ireland,1,0,1
2003/5/23,Republic of Korea,3,0,2
2003/5/23,Romania,1,0,1
2003/5/23,Singapore,206,31,163
2003/5/23,South Africa,1,1,0
2003/5/23,Spain,1,0,1
2003/5/23,Sweden,3,0,3
2003/5/23,Switzerland,1,0,1
2003/5/23,Thailand,8,2,5
2003/5/23,The United Kingdom,4,0,4
2003/5/23,United States,65,0,33
2003/5/23,Viet Nam,63,5,58
2003/5/24,Brazil,2,0,2
2003/5/24,Canada,140,23,109
2003/5/24,China,5309,308,2675
2003/5/24,Hong Kong,1724,262,1266
2003/5/24,Macao,2,0,0
2003/5/24,Taiwan,538,60,82
2003/5/24,Colombia,1,0,1
2003/5/24,Finland,1,0,1
2003/5/24,France,7,0,6
2003/5/24,Germany,9,0,9
2003/5/24,India,3,0,3
2003/5/24,Indonesia,2,0,2
2003/5/24,Italy,9,0,9
2003/5/24,Kuwait,1,0,1
2003/5/24,Malaysia,8,2,5
2003/5/24,Mongolia,9,0,8
2003/5/24,New Zealand,1,0,1
2003/5/24,Philippines,12,2,10
2003/5/24,Ireland,1,0,1
2003/5/24,Republic of Korea,3,0,2
2003/5/24,Romania,1,0,1
2003/5/24,Singapore,206,31,163
2003/5/24,South Africa,1,1,0
2003/5/24,Spain,1,0,1
2003/5/24,Sweden,3,0,3
2003/5/24,Switzerland,1,0,1
2003/5/24,Thailand,8,2,5
2003/5/24,The United Kingdom,4,0,4
2003/5/24,United States,65,0,33
2003/5/24,Viet Nam,63,5,58
2003/5/26,Brazil,2,0,2
2003/5/26,Canada,148,26,110
2003/5/26,China,5316,317,2829
2003/5/26,Hong Kong,1726,267,1276
2003/5/26,Macao,2,0,0
2003/5/26,Taiwan,585,72,112
2003/5/26,Colombia,1,0,1
2003/5/26,Finland,1,0,1
2003/5/26,France,7,0,6
2003/5/26,Germany,9,0,9
2003/5/26,India,3,0,3
2003/5/26,Indonesia,2,0,2
2003/5/26,Italy,9,0,9
2003/5/26,Kuwait,1,0,1
2003/5/26,Malaysia,5,2,3
2003/5/26,Mongolia,9,0,8
2003/5/26,New Zealand,1,0,1
2003/5/26,Philippines,12,2,10
2003/5/26,Ireland,1,0,1
2003/5/26,Republic of Korea,3,0,2
2003/5/26,Romania,1,0,1
2003/5/26,Singapore,206,31,163
2003/5/26,South Africa,1,1,0
2003/5/26,Spain,1,0,1
2003/5/26,Sweden,3,0,3
2003/5/26,Switzerland,1,0,1
2003/5/26,Thailand,8,2,6
2003/5/26,The United Kingdom,4,0,4
2003/5/26,United States,65,0,33
2003/5/26,Viet Nam,63,5,58
2003/5/27,Brazil,2,0,2
2003/5/27,Canada,148,26,111
2003/5/27,China,5322,321,2944
2003/5/27,Hong Kong,1728,269,1285
2003/5/27,Macao,2,0,0
2003/5/27,Taiwan,596,76,112
2003/5/27,Colombia,1,0,1
2003/5/27,Finland,1,0,1
2003/5/27,France,7,0,6
2003/5/27,Germany,9,0,9
2003/5/27,India,3,0,3
2003/5/27,Indonesia,2,0,2
2003/5/27,Italy,9,0,9
2003/5/27,Kuwait,1,0,1
2003/5/27,Malaysia,5,2,3
2003/5/27,Mongolia,9,0,9
2003/5/27,New Zealand,1,0,1
2003/5/27,Philippines,12,2,10
2003/5/27,Ireland,1,0,1
2003/5/27,Republic of Korea,3,0,2
2003/5/27,Romania,1,0,1
2003/5/27,Singapore,206,31,163
2003/5/27,South Africa,1,1,0
2003/5/27,Spain,1,0,1
2003/5/27,Sweden,3,0,3
2003/5/27,Switzerland,1,0,1
2003/5/27,Thailand,8,2,6
2003/5/27,The United Kingdom,4,0,4
2003/5/27,United States,65,0,32
2003/5/27,Viet Nam,63,5,58
2003/5/28,Australia,6,0,6
2003/5/28,Brazil,2,0,2
2003/5/28,Canada,149,26,111
2003/5/28,China,5323,325,3036
2003/5/28,Hong Kong,1730,270,1295
2003/5/28,Macao,2,0,0
2003/5/28,Taiwan,610,81,112
2003/5/28,Colombia,1,0,1
2003/5/28,Finland,1,0,1
2003/5/28,France,7,0,6
2003/5/28,Germany,9,0,9
2003/5/28,India,3,0,3
2003/5/28,Indonesia,2,0,2
2003/5/28,Italy,9,0,9
2003/5/28,Kuwait,1,0,1
2003/5/28,Malaysia,5,2,3
2003/5/28,Mongolia,9,0,9
2003/5/28,New Zealand,1,0,1
2003/5/28,Philippines,12,2,10
2003/5/28,Ireland,1,0,1
2003/5/28,Republic of Korea,3,0,2
2003/5/28,Romania,1,0,1
2003/5/28,Singapore,206,31,165
2003/5/28,South Africa,1,1,0
2003/5/28,Spain,1,0,1
2003/5/28,Sweden,3,0,3
2003/5/28,Switzerland,1,0,1
2003/5/28,Thailand,8,2,6
2003/5/28,The United Kingdom,4,0,4
2003/5/28,United States,66,0,32
2003/5/28,Viet Nam,63,5,58
2003/5/29,Australia,6,0,6
2003/5/29,Brazil,2,0,2
2003/5/29,Canada,151,26,112
2003/5/29,China,5325,327,3121
2003/5/29,Hong Kong,1732,273,1302
2003/5/29,Macao,1,0,0
2003/5/29,Taiwan,660,81,122
2003/5/29,Colombia,1,0,1
2003/5/29,Finland,1,0,1
2003/5/29,France,7,0,6
2003/5/29,Germany,9,0,9
2003/5/29,India,3,0,3
2003/5/29,Indonesia,2,0,2
2003/5/29,Italy,9,0,9
2003/5/29,Kuwait,1,0,1
2003/5/29,Malaysia,5,2,3
2003/5/29,Mongolia,9,0,9
2003/5/29,New Zealand,1,0,1
2003/5/29,Philippines,12,2,10
2003/5/29,Ireland,1,0,1
2003/5/29,Republic of Korea,3,0,2
2003/5/29,Romania,1,0,1
2003/5/29,Singapore,206,31,165
2003/5/29,South Africa,1,1,0
2003/5/29,Spain,1,0,1
2003/5/29,Sweden,3,0,3
2003/5/29,Switzerland,1,0,1
2003/5/29,Thailand,8,2,6
2003/5/29,The United Kingdom,4,0,4
2003/5/29,United States,66,0,32
2003/5/29,Viet Nam,63,5,58
2003/5/30,Brazil,2,0,2
2003/5/30,Canada,159,28,112
2003/5/30,China,5328,328,3250
2003/5/30,Hong Kong,1736,274,1304
2003/5/30,Macao,1,0,0
2003/5/30,Taiwan,667,81,125
2003/5/30,Colombia,1,0,1
2003/5/30,Finland,1,0,1
2003/5/30,France,7,0,6
2003/5/30,Germany,9,0,9
2003/5/30,India,3,0,3
2003/5/30,Indonesia,2,0,2
2003/5/30,Italy,9,0,9
2003/5/30,Kuwait,1,0,1
2003/5/30,Malaysia,5,2,3
2003/5/30,Mongolia,9,0,9
2003/5/30,New Zealand,1,0,1
2003/5/30,Philippines,12,2,10
2003/5/30,Ireland,1,0,1
2003/5/30,Republic of Korea,3,0,3
2003/5/30,Romania,1,0,1
2003/5/30,Singapore,206,31,165
2003/5/30,South Africa,1,1,0
2003/5/30,Spain,1,0,1
2003/5/30,Sweden,3,0,3
2003/5/30,Switzerland,1,0,1
2003/5/30,Thailand,8,2,6
2003/5/30,The United Kingdom,4,0,4
2003/5/30,United States,66,0,32
2003/5/30,Viet Nam,63,5,58
2003/5/31,Brazil,2,0,2
2003/5/31,Canada,188,30,116
2003/5/31,China,5328,332,3371
2003/5/31,Hong Kong,1739,278,1310
2003/5/31,Macao,1,0,0
2003/5/31,Taiwan,676,81,129
2003/5/31,Colombia,1,0,1
2003/5/31,Finland,1,0,1
2003/5/31,France,7,0,6
2003/5/31,Germany,10,0,9
2003/5/31,India,3,0,3
2003/5/31,Indonesia,2,0,2
2003/5/31,Italy,9,0,9
2003/5/31,Kuwait,1,0,1
2003/5/31,Malaysia,5,2,3
2003/5/31,Mongolia,9,0,9
2003/5/31,New Zealand,1,0,1
2003/5/31,Philippines,12,2,10
2003/5/31,Ireland,1,0,1
2003/5/31,Republic of Korea,3,0,3
2003/5/31,Romania,1,0,1
2003/5/31,Russian Federation,1,0,0
2003/5/31,Singapore,206,31,165
2003/5/31,South Africa,1,1,0
2003/5/31,Spain,1,0,1
2003/5/31,Sweden,3,0,3
2003/5/31,Switzerland,1,0,1
2003/5/31,Thailand,8,2,6
2003/5/31,The United Kingdom,4,0,4
2003/5/31,United States,66,0,32
2003/5/31,Viet Nam,63,5,58
2003/6/2,Brazil,2,0,2
2003/6/2,Canada,198,30,116
2003/6/2,China,5328,334,3495
2003/6/2,Hong Kong,1746,282,1319
2003/6/2,Maca,1,0,1
2003/6/2,Taiwan,684,81,134
2003/6/2,Colombia,1,0,1
2003/6/2,Finland,1,0,1
2003/6/2,France,7,0,6
2003/6/2,Germany,10,0,9
2003/6/2,India,3,0,3
2003/6/2,Indonesia,2,0,2
2003/6/2,Italy,9,0,9
2003/6/2,Kuwait,1,0,1
2003/6/2,Malaysia,5,2,3
2003/6/2,Mongolia,9,0,9
2003/6/2,New Zealand,1,0,1
2003/6/2,Philippines,12,2,10
2003/6/2,Ireland,1,0,1
2003/6/2,Republic of Korea,3,0,3
2003/6/2,Romania,1,0,1
2003/6/2,Russian Federation,1,0,0
2003/6/2,Singapore,206,31,165
2003/6/2,South Africa,1,1,0
2003/6/2,Spain,1,0,1
2003/6/2,Sweden,3,0,3
2003/6/2,Switzerland,1,0,1
2003/6/2,Thailand,8,2,6
2003/6/2,The United Kingdom,4,0,4
2003/6/2,United States,66,0,32
2003/6/2,Viet Nam,63,5,58
2003/6/3,Brazil,2,0,2
2003/6/3,Canada,213,31,116
2003/6/3,China,5329,334,3558
2003/6/3,Hong Kong,1747,283,1326
2003/6/3,Macao,1,0,1
2003/6/3,Taiwan,679,81,136
2003/6/3,Colombia,1,0,1
2003/6/3,Finland,1,0,1
2003/6/3,France,7,0,6
2003/6/3,Germany,10,0,9
2003/6/3,India,3,0,3
2003/6/3,Indonesia,2,0,2
2003/6/3,Italy,9,0,9
2003/6/3,Kuwait,1,0,1
2003/6/3,Malaysia,5,2,3
2003/6/3,Mongolia,9,0,9
2003/6/3,New Zealand,1,0,1
2003/6/3,Philippines,12,2,10
2003/6/3,Ireland,1,0,1
2003/6/3,Republic of Korea,3,0,3
2003/6/3,Romania,1,0,1
2003/6/3,Russian Federation,1,0,0
2003/6/3,Singapore,206,31,165
2003/6/3,South Africa,1,1,0
2003/6/3,Spain,1,0,1
2003/6/3,Sweden,3,0,3
2003/6/3,Switzerland,1,0,1
2003/6/3,Thailand,8,2,6
2003/6/3,The United Kingdom,4,0,4
2003/6/3,United States,68,0,33
2003/6/3,Viet Nam,63,5,58
2003/6/4,Brazil,2,0,2
2003/6/4,Canada,216,31,121
2003/6/4,China,5329,334,3674
2003/6/4,Hong Kong,1748,283,1339
2003/6/4,Macao,1,0,1
2003/6/4,Taiwan,678,81,272
2003/6/4,Colombia,1,0,1
2003/6/4,Finland,1,0,1
2003/6/4,France,7,0,6
2003/6/4,Germany,10,0,9
2003/6/4,India,3,0,3
2003/6/4,Indonesia,2,0,2
2003/6/4,Italy,9,0,9
2003/6/4,Kuwait,1,0,1
2003/6/4,Malaysia,5,2,3
2003/6/4,Mongolia,9,0,9
2003/6/4,New Zealand,1,0,1
2003/6/4,Philippines,12,2,10
2003/6/4,Ireland,1,0,1
2003/6/4,Republic of Korea,3,0,3
2003/6/4,Romania,1,0,1
2003/6/4,Russian Federation,1,0,0
2003/6/4,Singapore,206,31,165
2003/6/4,South Africa,1,1,0
2003/6/4,Spain,1,0,1
2003/6/4,Sweden,3,0,3
2003/6/4,Switzerland,1,0,1
2003/6/4,Thailand,8,2,6
2003/6/4,The United Kingdom,4,0,4
2003/6/4,United States,69,0,34
2003/6/4,Viet Nam,63,5,58
2003/6/5,Brazil,2,0,2
2003/6/5,Canada,218,31,120
2003/6/5,China,5329,336,3770
2003/6/5,Hong Kong,1748,284,1343
2003/6/5,Macao,1,0,1
2003/6/5,Taiwan,677,81,257
2003/6/5,Colombia,1,0,1
2003/6/5,Finland,1,0,1
2003/6/5,France,7,0,6
2003/6/5,Germany,10,0,9
2003/6/5,India,3,0,3
2003/6/5,Indonesia,2,0,2
2003/6/5,Italy,9,0,9
2003/6/5,Kuwait,1,0,1
2003/6/5,Malaysia,5,2,3
2003/6/5,Mongolia,9,0,9
2003/6/5,New Zealand,1,0,1
2003/6/5,Philippines,12,2,10
2003/6/5,Ireland,1,0,1
2003/6/5,Republic of Korea,3,0,3
2003/6/5,Romania,1,0,1
2003/6/5,Russian Federation,1,0,0
2003/6/5,Singapore,206,31,165
2003/6/5,South Africa,1,1,0
2003/6/5,Spain,1,0,1
2003/6/5,Sweden,3,0,3
2003/6/5,Switzerland,1,0,1
2003/6/5,Thailand,8,2,6
2003/6/5,The United Kingdom,4,0,4
2003/6/5,United States,69,0,34
2003/6/5,Viet Nam,63,5,58
2003/6/6,Brazil,2,0,2
2003/6/6,Canada,219,31,120
2003/6/6,China,5329,338,3869
2003/6/6,Hong Kong,1750,286,1350
2003/6/6,Macao,1,0,1
2003/6/6,Taiwan,676,81,257
2003/6/6,Colombia,1,0,1
2003/6/6,Finland,1,0,1
2003/6/6,France,7,0,6
2003/6/6,Germany,10,0,9
2003/6/6,India,3,0,3
2003/6/6,Indonesia,2,0,2
2003/6/6,Italy,9,0,9
2003/6/6,Kuwait,1,0,1
2003/6/6,Malaysia,5,2,3
2003/6/6,Mongolia,9,0,9
2003/6/6,New Zealand,1,0,1
2003/6/6,Philippines,12,2,10
2003/6/6,Ireland,1,0,1
2003/6/6,Republic of Korea,3,0,3
2003/6/6,Romania,1,0,1
2003/6/6,Russian Federation,1,0,0
2003/6/6,Singapore,206,31,165
2003/6/6,South Africa,1,1,0
2003/6/6,Spain,1,0,1
2003/6/6,Sweden,3,0,3
2003/6/6,Switzerland,1,0,1
2003/6/6,Thailand,8,2,6
2003/6/6,The United Kingdom,4,0,4
2003/6/6,United States,68,0,35
2003/6/6,Viet Nam,63,5,58
2003/6/9,Brazil,2,0,2
2003/6/9,Canada,229,32,128
2003/6/9,China,5328,340,4186
2003/6/9,Hong Kong,1753,288,1365
2003/6/9,Macao,1,0,1
2003/6/9,Taiwan,680,81,257
2003/6/9,Colombia,1,0,1
2003/6/9,Finland,1,0,1
2003/6/9,France,7,0,6
2003/6/9,Germany,10,0,9
2003/6/9,India,3,0,3
2003/6/9,Indonesia,2,0,2
2003/6/9,Italy,9,0,9
2003/6/9,Kuwait,1,0,1
2003/6/9,Malaysia,5,2,3
2003/6/9,Mongolia,9,0,9
2003/6/9,New Zealand,1,0,1
2003/6/9,Philippines,12,2,10
2003/6/9,Ireland,1,0,1
2003/6/9,Republic of Korea,3,0,3
2003/6/9,Romania,1,0,1
2003/6/9,Russian Federation,1,0,0
2003/6/9,Singapore,206,31,168
2003/6/9,South Africa,1,1,0
2003/6/9,Spain,1,0,1
2003/6/9,Sweden,3,0,3
2003/6/9,Switzerland,1,0,1
2003/6/9,Thailand,9,2,6
2003/6/9,The United Kingdom,4,0,4
2003/6/9,United States,68,0,35
2003/6/9,Viet Nam,63,5,58
2003/6/10,Brazil,3,0,2
2003/6/10,Canada,229,32,131
2003/6/10,China,5328,343,4294
2003/6/10,Hong Kong,1754,290,1368
2003/6/10,Macao SAR,1,0,1
2003/6/10,Taiwan,686,81,319
2003/6/10,Colombia,1,0,1
2003/6/10,Finland,1,0,1
2003/6/10,France,7,0,6
2003/6/10,Germany,10,0,9
2003/6/10,India,3,0,3
2003/6/10,Indonesia,2,0,2
2003/6/10,Italy,9,0,9
2003/6/10,Kuwait,1,0,1
2003/6/10,Malaysia,5,2,3
2003/6/10,Mongolia,9,0,9
2003/6/10,New Zealand,1,0,1
2003/6/10,Philippines,12,2,10
2003/6/10,Ireland,1,0,1
2003/6/10,Republic of Korea,3,0,3
2003/6/10,Romania,1,0,1
2003/6/10,Russian Federation,1,0,0
2003/6/10,Singapore,206,31,168
2003/6/10,South Africa,1,1,0
2003/6/10,Spain,1,0,1
2003/6/10,Sweden,3,0,3
2003/6/10,Switzerland,1,0,1
2003/6/10,Thailand,9,2,6
2003/6/10,The United Kingdom,4,0,4
2003/6/10,United States,69,0,36
2003/6/10,Viet Nam,63,5,58
2003/6/11,Brazil,3,0,2
2003/6/11,Canada,230,32,134
2003/6/11,China,5329,343,4390
2003/6/11,Hong Kong,1754,290,1368
2003/6/11,Macao,1,0,1
2003/6/11,Taiwan,687,81,344
2003/6/11,Colombia,1,0,1
2003/6/11,Finland,1,0,1
2003/6/11,France,7,0,6
2003/6/11,Germany,10,0,9
2003/6/11,India,3,0,3
2003/6/11,Indonesia,2,0,2
2003/6/11,Italy,9,0,9
2003/6/11,Kuwait,1,0,1
2003/6/11,Malaysia,5,2,3
2003/6/11,Mongolia,9,0,9
2003/6/11,New Zealand,1,0,1
2003/6/11,Philippines,12,2,10
2003/6/11,Ireland,1,0,1
2003/6/11,Republic of Korea,3,0,3
2003/6/11,Romania,1,0,1
2003/6/11,Russian Federation,1,0,0
2003/6/11,Singapore,206,31,168
2003/6/11,South Africa,1,1,0
2003/6/11,Spain,1,0,1
2003/6/11,Sweden,3,0,3
2003/6/11,Switzerland,1,0,1
2003/6/11,Thailand,9,2,6
2003/6/11,The United Kingdom,4,0,4
2003/6/11,United States,71,0,36
2003/6/11,Viet Nam,63,5,58
2003/6/12,Brazil,3,0,2
2003/6/12,Canada,238,32,141
2003/6/12,China,5328,343,4457
2003/6/12,Hong Kong,1755,291,1377
2003/6/12,Macao,1,0,1
2003/6/12,Taiwan,688,81,347
2003/6/12,Colombia,1,0,1
2003/6/12,Finland,1,0,1
2003/6/12,France,7,0,6
2003/6/12,Germany,10,0,9
2003/6/12,India,3,0,3
2003/6/12,Indonesia,2,0,2
2003/6/12,Italy,9,0,9
2003/6/12,Kuwait,1,0,1
2003/6/12,Malaysia,5,2,3
2003/6/12,Mongolia,9,0,9
2003/6/12,New Zealand,1,0,1
2003/6/12,Philippines,14,2,12
2003/6/12,Ireland,1,0,1
2003/6/12,Republic of Korea,3,0,3
2003/6/12,Romania,1,0,1
2003/6/12,Russian Federation,1,0,0
2003/6/12,Singapore,206,31,169
2003/6/12,South Africa,1,1,0
2003/6/12,Spain,1,0,1
2003/6/12,Sweden,3,0,3
2003/6/12,Switzerland,1,0,1
2003/6/12,Thailand,9,2,6
2003/6/12,The United Kingdom,4,0,4
2003/6/12,United States,70,0,36
2003/6/12,Viet Nam,63,5,58
2003/6/13,Brazil,3,0,2
2003/6/13,Canada,242,32,150
2003/6/13,China,5327,343,4530
2003/6/13,Hong Kong,1755,293,1380
2003/6/13,Macao,1,0,1
2003/6/13,Taiwan,693,81,385
2003/6/13,Colombia,1,0,1
2003/6/13,Finland,1,0,1
2003/6/13,France,7,0,6
2003/6/13,Germany,10,0,9
2003/6/13,India,3,0,3
2003/6/13,Indonesia,2,0,2
2003/6/13,Italy,9,0,9
2003/6/13,Kuwait,1,0,1
2003/6/13,Malaysia,5,2,3
2003/6/13,Mongolia,9,0,9
2003/6/13,New Zealand,1,0,1
2003/6/13,Philippines,14,2,12
2003/6/13,Ireland,1,0,1
2003/6/13,Republic of Korea,3,0,3
2003/6/13,Romania,1,0,1
2003/6/13,Russian Federation,1,0,0
2003/6/13,Singapore,206,31,169
2003/6/13,South Africa,1,1,0
2003/6/13,Spain,1,0,1
2003/6/13,Sweden,3,0,3
2003/6/13,Switzerland,1,0,1
2003/6/13,Thailand,9,2,6
2003/6/13,The United Kingdom,4,0,4
2003/6/13,United States,71,0,36
2003/6/13,Viet Nam,63,5,58
2003/6/16,Brazil,3,0,2
2003/6/16,Canada,243,32,156
2003/6/16,China,5326,346,4656
2003/6/16,Hong Kong,1755,295,1386
2003/6/16,Macao,1,0,1
2003/6/16,Taiwan,698,83,443
2003/6/16,Colombia,1,0,1
2003/6/16,Finland,1,0,1
2003/6/16,France,7,0,6
2003/6/16,Germany,10,0,9
2003/6/16,India,3,0,3
2003/6/16,Indonesia,2,0,2
2003/6/16,Italy,9,0,9
2003/6/16,Kuwait,1,0,1
2003/6/16,Malaysia,5,2,3
2003/6/16,Mongolia,9,0,9
2003/6/16,New Zealand,1,0,1
2003/6/16,Philippines,14,2,12
2003/6/16,Ireland,1,0,1
2003/6/16,Republic of Korea,3,0,3
2003/6/16,Romania,1,0,1
2003/6/16,Russian Federation,1,0,0
2003/6/16,Singapore,206,31,169
2003/6/16,South Africa,1,1,0
2003/6/16,Spain,1,0,1
2003/6/16,Sweden,3,0,3
2003/6/16,Switzerland,1,0,1
2003/6/16,Thailand,9,2,6
2003/6/16,The United Kingdom,4,0,4
2003/6/16,United States,72,0,36
2003/6/16,Viet Nam,63,5,58
2003/6/17,Brazil,3,0,2
2003/6/17,Canada,247,32,171
2003/6/17,China,5326,346,4725
2003/6/17,Hong Kong,1755,295,1387
2003/6/17,Macao,1,0,1
2003/6/17,Taiwan,697,83,460
2003/6/17,Colombia,1,0,1
2003/6/17,Finland,1,0,1
2003/6/17,France,7,0,6
2003/6/17,Germany,10,0,9
2003/6/17,India,3,0,3
2003/6/17,Indonesia,2,0,2
2003/6/17,Italy,9,0,9
2003/6/17,Kuwait,1,0,1
2003/6/17,Malaysia,5,2,3
2003/6/17,Mongolia,9,0,9
2003/6/17,New Zealand,1,0,1
2003/6/17,Philippines,14,2,12
2003/6/17,Ireland,1,0,1
2003/6/17,Republic of Korea,3,0,3
2003/6/17,Romania,1,0,1
2003/6/17,Russian Federation,1,0,0
2003/6/17,Singapore,206,31,169
2003/6/17,South Africa,1,1,0
2003/6/17,Spain,1,0,1
2003/6/17,Sweden,3,0,3
2003/6/17,Switzerland,1,0,1
2003/6/17,Thailand,9,2,6
2003/6/17,The United Kingdom,4,0,4
2003/6/17,United States,73,0,36
2003/6/17,Viet Nam,63,5,58
2003/6/18,Brazil,3,0,2
2003/6/18,Canada,246,33,176
2003/6/18,China,5326,347,4762
2003/6/18,Hong Kong,1755,295,1393
2003/6/18,Macao,1,0,1
2003/6/18,Taiwan,697,83,469
2003/6/18,Colombia,1,0,1
2003/6/18,Finland,1,0,1
2003/6/18,France,7,0,6
2003/6/18,Germany,10,0,9
2003/6/18,India,3,0,3
2003/6/18,Indonesia,2,0,2
2003/6/18,Italy,9,0,9
2003/6/18,Kuwait,1,0,1
2003/6/18,Malaysia,5,2,3
2003/6/18,Mongolia,9,0,9
2003/6/18,New Zealand,1,0,1
2003/6/18,Philippines,14,2,12
2003/6/18,Ireland,1,0,1
2003/6/18,Republic of Korea,3,0,3
2003/6/18,Romania,1,0,1
2003/6/18,Russian Federation,1,0,0
2003/6/18,Singapore,206,31,169
2003/6/18,South Africa,1,1,0
2003/6/18,Spain,1,0,1
2003/6/18,Sweden,3,0,3
2003/6/18,Switzerland,1,0,1
2003/6/18,Thailand,9,2,6
2003/6/18,The United Kingdom,4,0,4
2003/6/18,United States,75,0,36
2003/6/18,Viet Nam,63,5,58
2003/6/19,Brazil,3,0,2
2003/6/19,Canada,245,34,175
2003/6/19,China,5326,347,4786
2003/6/19,Hong Kong,1755,296,1396
2003/6/19,Macao,1,0,1
2003/6/19,Taiwan,695,84,472
2003/6/19,Colombia,1,0,1
2003/6/19,Finland,1,0,1
2003/6/19,France,7,0,6
2003/6/19,Germany,10,0,9
2003/6/19,India,3,0,3
2003/6/19,Indonesia,2,0,2
2003/6/19,Italy,9,0,9
2003/6/19,Kuwait,1,0,1
2003/6/19,Malaysia,5,2,3
2003/6/19,Mongolia,9,0,9
2003/6/19,New Zealand,1,0,1
2003/6/19,Philippines,14,2,12
2003/6/19,Ireland,1,0,1
2003/6/19,Republic of Korea,3,0,3
2003/6/19,Romania,1,0,1
2003/6/19,Russian Federation,1,0,0
2003/6/19,Singapore,206,31,170
2003/6/19,South Africa,1,1,0
2003/6/19,Spain,1,0,1
2003/6/19,Sweden,3,0,3
2003/6/19,Switzerland,1,0,1
2003/6/19,Thailand,9,2,6
2003/6/19,The United Kingdom,4,0,4
2003/6/19,United States,75,0,36
2003/6/19,Viet Nam,63,5,58
2003/6/20,Brazil,3,0,2
2003/6/20,Canada,245,34,180
2003/6/20,China,5326,347,4806
2003/6/20,Hong Kong,1755,296,1403
2003/6/20,Macao,1,0,1
2003/6/20,Taiwan,695,84,480
2003/6/20,Colombia,1,0,1
2003/6/20,Finland,1,0,1
2003/6/20,France,7,0,6
2003/6/20,Germany,10,0,9
2003/6/20,India,3,0,3
2003/6/20,Indonesia,2,0,2
2003/6/20,Italy,9,0,9
2003/6/20,Kuwait,1,0,1
2003/6/20,Malaysia,5,2,3
2003/6/20,Mongolia,9,0,9
2003/6/20,New Zealand,1,0,1
2003/6/20,Philippines,14,2,12
2003/6/20,Ireland,1,0,1
2003/6/20,Republic of Korea,3,0,3
2003/6/20,Romania,1,0,1
2003/6/20,Russian Federation,1,0,0
2003/6/20,Singapore,206,31,170
2003/6/20,South Africa,1,1,0
2003/6/20,Spain,1,0,1
2003/6/20,Sweden,3,0,3
2003/6/20,Switzerland,1,0,1
2003/6/20,Thailand,9,2,6
2003/6/20,The United Kingdom,4,0,4
2003/6/20,United States,74,0,36
2003/6/20,Viet Nam,63,5,58
2003/6/23,Brazil,3,0,2
2003/6/23,Canada,246,35,182
2003/6/23,China,5326,347,4895
2003/6/23,Hong Kong,1755,296,1411
2003/6/23,Macao,1,0,1
2003/6/23,Taiwan,692,84,486
2003/6/23,Colombia,1,0,1
2003/6/23,Finland,1,0,1
2003/6/23,France,7,0,6
2003/6/23,Germany,10,0,9
2003/6/23,India,3,0,3
2003/6/23,Indonesia,2,0,2
2003/6/23,Italy,9,0,9
2003/6/23,Kuwait,1,0,1
2003/6/23,Malaysia,5,2,3
2003/6/23,Mongolia,9,0,9
2003/6/23,New Zealand,1,0,1
2003/6/23,Philippines,14,2,12
2003/6/23,Ireland,1,0,1
2003/6/23,Republic of Korea,3,0,3
2003/6/23,Romania,1,0,1
2003/6/23,Russian Federation,1,0,0
2003/6/23,Singapore,206,31,170
2003/6/23,South Africa,1,1,0
2003/6/23,Spain,1,0,1
2003/6/23,Sweden,3,0,3
2003/6/23,Switzerland,1,0,1
2003/6/23,Thailand,9,2,7
2003/6/23,The United Kingdom,4,0,4
2003/6/23,United States,74,0,36
2003/6/23,Viet Nam,63,5,58
2003/6/24,Brazil,3,0,2
2003/6/24,Canada,249,37,188
2003/6/24,China,5326,347,4901
2003/6/24,Hong Kong,1755,296,1417
2003/6/24,Macao,1,0,1
2003/6/24,Taiwan,687,84,492
2003/6/24,Colombia,1,0,1
2003/6/24,Finland,1,0,1
2003/6/24,France,7,0,6
2003/6/24,Germany,10,0,9
2003/6/24,India,3,0,3
2003/6/24,Indonesia,2,0,2
2003/6/24,Italy,9,0,9
2003/6/24,Kuwait,1,0,1
2003/6/24,Malaysia,5,2,3
2003/6/24,Mongolia,9,0,9
2003/6/24,New Zealand,1,0,1
2003/6/24,Philippines,14,2,12
2003/6/24,Ireland,1,0,1
2003/6/24,Republic of Korea,3,0,3
2003/6/24,Romania,1,0,1
2003/6/24,Russian Federation,1,0,0
2003/6/24,Singapore,206,31,170
2003/6/24,South Africa,1,1,0
2003/6/24,Spain,1,0,1
2003/6/24,Sweden,3,0,3
2003/6/24,Switzerland,1,0,1
2003/6/24,Thailand,9,2,7
2003/6/24,The United Kingdom,4,0,4
2003/6/24,United States,75,0,36
2003/6/24,Viet Nam,63,5,58
2003/6/25,Brazil,3,0,2
2003/6/25,Canada,250,37,188
2003/6/25,China,5327,348,4916
2003/6/25,Hong Kong,1755,296,1419
2003/6/25,Macao,1,0,1
2003/6/25,Taiwan,686,84,492
2003/6/25,Colombia,1,0,1
2003/6/25,Finland,1,0,1
2003/6/25,France,7,0,6
2003/6/25,Germany,10,0,9
2003/6/25,India,3,0,3
2003/6/25,Indonesia,2,0,2
2003/6/25,Italy,9,0,9
2003/6/25,Japan,1,0,0
2003/6/25,Kuwait,1,0,1
2003/6/25,Malaysia,5,2,3
2003/6/25,Mongolia,9,0,9
2003/6/25,New Zealand,1,0,1
2003/6/25,Philippines,14,2,12
2003/6/25,Ireland,1,0,1
2003/6/25,Republic of Korea,3,0,3
2003/6/25,Romania,1,0,1
2003/6/25,Russian Federation,1,0,0
2003/6/25,Singapore,206,31,170
2003/6/25,South Africa,1,1,0
2003/6/25,Spain,1,0,1
2003/6/25,Sweden,3,0,3
2003/6/25,Switzerland,1,0,1
2003/6/25,Thailand,9,2,7
2003/6/25,The United Kingdom,4,0,4
2003/6/25,United States,75,0,36
2003/6/25,Viet Nam,63,5,58
2003/6/26,Brazil,3,0,2
2003/6/26,Canada,251,37,190
2003/6/26,China,5327,348,4921
2003/6/26,Hong Kong,1755,296,1419
2003/6/26,Macao,1,0,1
2003/6/26,Taiwan,682,84,491
2003/6/26,Colombia,1,0,1
2003/6/26,Finland,1,0,1
2003/6/26,France,7,0,6
2003/6/26,Germany,10,0,9
2003/6/26,India,3,0,3
2003/6/26,Indonesia,2,0,2
2003/6/26,Italy,9,0,9
2003/6/26,Japan,1,0,0
2003/6/26,Kuwait,1,0,1
2003/6/26,Malaysia,5,2,3
2003/6/26,Mongolia,9,0,9
2003/6/26,New Zealand,1,0,1
2003/6/26,Philippines,14,2,12
2003/6/26,Ireland,1,0,1
2003/6/26,Republic of Korea,3,0,3
2003/6/26,Romania,1,0,1
2003/6/26,Russian Federation,1,0,0
2003/6/26,Singapore,206,32,170
2003/6/26,South Africa,1,1,0
2003/6/26,Spain,1,0,1
2003/6/26,Sweden,3,0,3
2003/6/26,Switzerland,1,0,1
2003/6/26,Thailand,9,2,7
2003/6/26,The United Kingdom,4,0,4
2003/6/26,United States,74,0,36
2003/6/26,Viet Nam,63,5,58
2003/6/27,Brazil,3,0,2
2003/6/27,Canada,251,37,191
2003/6/27,China,5327,348,4921
2003/6/27,Hong Kong,1755,297,1422
2003/6/27,Macao,1,0,1
2003/6/27,Taiwan,681,84,492
2003/6/27,Colombia,1,0,1
2003/6/27,Finland,1,0,1
2003/6/27,France,7,0,6
2003/6/27,Germany,10,0,9
2003/6/27,India,3,0,3
2003/6/27,Indonesia,2,0,2
2003/6/27,Italy,5,0,5
2003/6/27,Kuwait,1,0,1
2003/6/27,Malaysia,5,2,3
2003/6/27,Mongolia,9,0,9
2003/6/27,New Zealand,1,0,1
2003/6/27,Philippines,14,2,12
2003/6/27,Ireland,1,0,1
2003/6/27,Republic of Korea,3,0,3
2003/6/27,Romania,1,0,1
2003/6/27,Russian Federation,1,0,0
2003/6/27,Singapore,206,32,171
2003/6/27,South Africa,1,1,0
2003/6/27,Spain,1,0,1
2003/6/27,Sweden,3,0,3
2003/6/27,Switzerland,1,0,1
2003/6/27,Thailand,9,2,7
2003/6/27,The United Kingdom,4,0,4
2003/6/27,United States,74,0,64
2003/6/27,Viet Nam,63,5,58
2003/6/30,Australia,5,0,5
2003/6/30,Brazil,3,0,2
2003/6/30,Canada,252,37,192
2003/6/30,China,5327,348,4927
2003/6/30,Hong Kong,1755,298,1429
2003/6/30,Macao,1,0,1
2003/6/30,Taiwan,678,84,495
2003/6/30,Colombia,1,0,1
2003/6/30,Finland,1,0,1
2003/6/30,France,7,0,6
2003/6/30,Germany,10,0,9
2003/6/30,India,3,0,3
2003/6/30,Indonesia,2,0,2
2003/6/30,Italy,5,0,5
2003/6/30,Kuwait,1,0,1
2003/6/30,Malaysia,5,2,3
2003/6/30,Mongolia,9,0,9
2003/6/30,New Zealand,1,0,1
2003/6/30,Philippines,14,2,12
2003/6/30,Ireland,1,0,1
2003/6/30,Republic of Korea,3,0,3
2003/6/30,Romania,1,0,1
2003/6/30,Russian Federation,1,0,0
2003/6/30,Singapore,206,32,171
2003/6/30,South Africa,1,1,0
2003/6/30,Spain,1,0,1
2003/6/30,Sweden,3,0,3
2003/6/30,Switzerland,1,0,1
2003/6/30,Thailand,9,2,7
2003/6/30,The United Kingdom,4,0,4
2003/6/30,United States,73,0,63
2003/6/30,Viet Nam,63,5,58
2003/7/1,Brazil,1,0,1
2003/7/1,Canada,252,38,192
2003/7/1,China,5327,348,4930
2003/7/1,Hong Kong=,1755,298,1429
2003/7/1,Macao,1,0,1
2003/7/1,Taiwan,678,84,498
2003/7/1,Colombia,1,0,1
2003/7/1,Finland,1,0,1
2003/7/1,France,7,0,6
2003/7/1,Germany,10,0,9
2003/7/1,India,3,0,3
2003/7/1,Indonesia,2,0,2
2003/7/1,Italy,5,0,5
2003/7/1,Kuwait,1,0,1
2003/7/1,Malaysia,5,2,3
2003/7/1,Mongolia,9,0,9
2003/7/1,New Zealand,1,0,1
2003/7/1,Philippines,14,2,12
2003/7/1,Ireland,1,0,1
2003/7/1,Republic of Korea,3,0,3
2003/7/1,Romania,1,0,1
2003/7/1,Russian Federation,1,0,0
2003/7/1,Singapore,206,32,171
2003/7/1,South Africa,1,1,0
2003/7/1,Spain,1,0,1
2003/7/1,Sweden,3,0,3
2003/7/1,Switzerland,1,0,1
2003/7/1,Thailand,9,2,7
2003/7/1,The United Kingdom,4,0,4
2003/7/1,United States,73,0,63
2003/7/1,Viet Nam,63,5,58
2003/7/2,Brazil,1,0,1
2003/7/2,Canada,252,38,192
2003/7/2,China,5327,348,4933
2003/7/2,Hong Kong,1755,298,1429
2003/7/2,Macao,1,0,1
2003/7/2,Taiwan,676,84,498
2003/7/2,Colombia,1,0,1
2003/7/2,Finland,1,0,1
2003/7/2,France,7,0,6
2003/7/2,Germany,10,0,9
2003/7/2,India,3,0,3
2003/7/2,Indonesia,2,0,2
2003/7/2,Italy,4,0,4
2003/7/2,Kuwait,1,0,1
2003/7/2,Malaysia,5,2,3
2003/7/2,Mongolia,9,0,9
2003/7/2,New Zealand,1,0,1
2003/7/2,Philippines,14,2,12
2003/7/2,Ireland,1,0,1
2003/7/2,Republic of Korea,3,0,3
2003/7/2,Romania,1,0,1
2003/7/2,Russian Federation,1,0,0
2003/7/2,Singapore,206,32,171
2003/7/2,South Africa,1,1,0
2003/7/2,Spain,1,0,1
2003/7/2,Sweden,3,0,3
2003/7/2,Switzerland,1,0,1
2003/7/2,Thailand,9,2,7
2003/7/2,The United Kingdom,4,0,4
2003/7/2,United States,73,0,63
2003/7/2,Viet Nam,63,5,58
2003/7/3,Brazil,1,0,1
2003/7/3,Canada,251,38,193
2003/7/3,China,5327,348,4933
2003/7/3,Hong Kong,1755,298,1429
2003/7/3,Macao,1,0,1
2003/7/3,Taiwan,674,84,498
2003/7/3,Colombia,1,0,1
2003/7/3,Finland,1,0,1
2003/7/3,France,7,0,6
2003/7/3,Germany,10,0,9
2003/7/3,India,3,0,3
2003/7/3,Indonesia,2,0,2
2003/7/3,Italy,4,0,4
2003/7/3,Kuwait,1,0,1
2003/7/3,Malaysia,5,2,3
2003/7/3,Mongolia,9,0,9
2003/7/3,New Zealand,1,0,1
2003/7/3,Philippines,14,2,12
2003/7/3,Ireland,1,0,1
2003/7/3,Republic of Korea,3,0,3
2003/7/3,Romania,1,0,1
2003/7/3,Russian Federation,1,0,0
2003/7/3,Singapore,206,32,171
2003/7/3,South Africa,1,1,0
2003/7/3,Spain,1,0,1
2003/7/3,Sweden,3,0,3
2003/7/3,Switzerland,1,0,1
2003/7/3,Thailand,9,2,7
2003/7/3,The United Kingdom,4,0,4
2003/7/3,United States,73,0,65
2003/7/3,Viet Nam,63,5,58
2003/7/4,Brazil,1,0,1
2003/7/4,Canada,251,38,193
2003/7/4,China,5327,348,4934
2003/7/4,Hong Kong,1755,298,1430
2003/7/4,Macao,1,0,1
2003/7/4,Taiwan,674,84,500
2003/7/4,Colombia,1,0,1
2003/7/4,Finland,1,0,1
2003/7/4,France,7,0,6
2003/7/4,Germany,10,0,9
2003/7/4,India,3,0,3
2003/7/4,Indonesia,2,0,2
2003/7/4,Italy,4,0,4
2003/7/4,Kuwait,1,0,1
2003/7/4,Malaysia,5,2,3
2003/7/4,Mongolia,9,0,9
2003/7/4,New Zealand,1,0,1
2003/7/4,Philippines,14,2,12
2003/7/4,Ireland,1,0,1
2003/7/4,Republic of Korea,3,0,3
2003/7/4,Romania,1,0,1
2003/7/4,Russian Federation,1,0,0
2003/7/4,Singapore,206,32,171
2003/7/4,South Africa,1,1,0
2003/7/4,Spain,1,0,1
2003/7/4,Sweden,3,0,3
2003/7/4,Switzerland,1,0,1
2003/7/4,Thailand,9,2,7
2003/7/4,The United Kingdom,4,0,4
2003/7/4,United States,73,0,65
2003/7/4,Viet Nam,63,5,58
2003/7/7,Brazil,1,0,1
2003/7/7,Canada,251,38,193
2003/7/7,China,5327,348,4934
2003/7/7,Hong Kong,1755,298,1430
2003/7/7,Macao,1,0,1
2003/7/7,Taiwan,674,84,500
2003/7/7,Colombia,1,0,1
2003/7/7,Finland,1,0,1
2003/7/7,France,7,0,6
2003/7/7,Germany,10,0,9
2003/7/7,India,3,0,3
2003/7/7,Indonesia,2,0,2
2003/7/7,Italy,4,0,4
2003/7/7,Kuwait,1,0,1
2003/7/7,Malaysia,5,2,3
2003/7/7,Mongolia,9,0,9
2003/7/7,New Zealand,1,0,1
2003/7/7,Philippines,14,2,12
2003/7/7,Ireland,1,0,1
2003/7/7,Republic of Korea,3,0,3
2003/7/7,Romania,1,0,1
2003/7/7,Russian Federation,1,0,0
2003/7/7,Singapore,206,32,171
2003/7/7,South Africa,1,1,0
2003/7/7,Spain,1,0,1
2003/7/7,Sweden,3,0,3
2003/7/7,Switzerland,1,0,1
2003/7/7,Thailand,9,2,7
2003/7/7,The United Kingdom,4,0,4
2003/7/7,United States,73,0,65
2003/7/7,Viet Nam,63,5,58
2003/7/8,Brazil,1,0,1
2003/7/8,Canada,250,38,194
2003/7/8,China,5327,348,4934
2003/7/8,Hong Kong,1755,298,1430
2003/7/8,Macao,1,0,1
2003/7/8,Taiwan,671,84,502
2003/7/8,Colombia,1,0,1
2003/7/8,Finland,1,0,1
2003/7/8,France,7,0,6
2003/7/8,Germany,10,0,9
2003/7/8,India,3,0,3
2003/7/8,Indonesia,2,0,2
2003/7/8,Italy,4,0,4
2003/7/8,Kuwait,1,0,1
2003/7/8,Malaysia,5,2,3
2003/7/8,Mongolia,9,0,9
2003/7/8,New Zealand,1,0,1
2003/7/8,Philippines,14,2,12
2003/7/8,Ireland,1,0,1
2003/7/8,Republic of Korea,3,0,3
2003/7/8,Romania,1,0,1
2003/7/8,Russian Federation,1,0,0
2003/7/8,Singapore,206,32,171
2003/7/8,South Africa,1,1,0
2003/7/8,Spain,1,0,1
2003/7/8,Sweden,3,0,3
2003/7/8,Switzerland,1,0,1
2003/7/8,Thailand,9,2,7
2003/7/8,The United Kingdom,4,0,4
2003/7/8,United States,74,0,64
2003/7/8,Viet Nam,63,5,58
2003/7/9,Brazil,1,0,1
2003/7/9,Canada,249,38,193
2003/7/9,China,5327,348,4939
2003/7/9,Hong Kong,1755,298,1431
2003/7/9,Macao,1,0,1
2003/7/9,Taiwan,671,84,504
2003/7/9,Colombia,1,0,1
2003/7/9,Finland,1,0,1
2003/7/9,France,7,0,6
2003/7/9,Germany,10,0,9
2003/7/9,India,3,0,3
2003/7/9,Indonesia,2,0,2
2003/7/9,Italy,4,0,4
2003/7/9,Kuwait,1,0,1
2003/7/9,Malaysia,5,2,3
2003/7/9,Mongolia,9,0,9
2003/7/9,New Zealand,1,0,1
2003/7/9,Philippines,14,2,12
2003/7/9,Ireland,1,0,1
2003/7/9,Republic of Korea,3,0,3
2003/7/9,Romania,1,0,1
2003/7/9,Russian Federation,1,0,0
2003/7/9,Singapore,206,32,171
2003/7/9,South Africa,1,1,0
2003/7/9,Spain,1,0,1
2003/7/9,Sweden,3,0,3
2003/7/9,Switzerland,1,0,1
2003/7/9,Thailand,9,2,7
2003/7/9,The United Kingdom,4,0,4
2003/7/9,United States,75,0,67
2003/7/9,Viet Nam,63,5,58
2003/7/10,Brazil,1,0,1
2003/7/10,Canada,250,38,194
2003/7/10,China,5327,348,4941
2003/7/10,Hong Kong,1755,298,1431
2003/7/10,Macao,1,0,1
2003/7/10,Taiwan,671,84,506
2003/7/10,Colombia,1,0,1
2003/7/10,Finland,1,0,1
2003/7/10,France,7,0,6
2003/7/10,Germany,10,0,9
2003/7/10,India,3,0,3
2003/7/10,Indonesia,2,0,2
2003/7/10,Italy,4,0,4
2003/7/10,Kuwait,1,0,1
2003/7/10,Malaysia,5,2,3
2003/7/10,Mongolia,9,0,9
2003/7/10,New Zealand,1,0,1
2003/7/10,Philippines,14,2,12
2003/7/10,Ireland,1,0,1
2003/7/10,Republic of Korea,3,0,3
2003/7/10,Romania,1,0,1
2003/7/10,Russian Federation,1,0,0
2003/7/10,Singapore,206,32,172
2003/7/10,South Africa,1,1,0
2003/7/10,Spain,1,0,1
2003/7/10,Sweden,3,0,3
2003/7/10,Switzerland,1,0,1
2003/7/10,Thailand,9,2,7
2003/7/10,The United Kingdom,4,0,4
2003/7/10,United States,75,0,67
2003/7/10,Viet Nam,63,5,58
2003/7/11,Brazil,1,0,1
2003/7/11,Canada,250,38,194
2003/7/11,China,5327,348,4941
2003/7/11,Hong Kong,1755,298,1433
2003/7/11,Macao,1,0,1
2003/7/11,Taiwan,671,84,507
2003/7/11,Colombia,1,0,1
2003/7/11,Finland,1,0,1
2003/7/11,France,7,1,6
2003/7/11,Germany,10,0,9
2003/7/11,India,3,0,3
2003/7/11,Indonesia,2,0,2
2003/7/11,Italy,4,0,4
2003/7/11,Kuwait,1,0,1
2003/7/11,Malaysia,5,2,3
2003/7/11,Mongolia,9,0,9
2003/7/11,New Zealand,1,0,1
2003/7/11,Philippines,14,2,12
2003/7/11,Ireland,1,0,1
2003/7/11,Republic of Korea,3,0,3
2003/7/11,Romania,1,0,1
2003/7/11,Russian Federation,1,0,0
2003/7/11,Singapore,206,32,172
2003/7/11,South Africa,1,1,0
2003/7/11,Spain,1,0,1
2003/7/11,Sweden,3,0,3
2003/7/11,Switzerland,1,0,1
2003/7/11,Thailand,9,2,7
2003/7/11,The United Kingdom,4,0,4
2003/7/11,United States,75,0,67
2003/7/11,Viet Nam,63,5,58
